two_theta,intensity
20.00,203.16
20.05,198.56
20.10,197.96
20.15,204.36
20.20,204.75
20.25,202.14
20.30,199.53
20.35,205.92
20.40,204.30
20.45,203.68
20.50,198.06
20.55,199.44
20.60,199.81
20.65,201.18
20.70,204.55
20.75,200.92
20.80,206.28
20.85,200.64
20.90,203.00
20.95,203.35
21.00,204.70
21.05,207.05
21.10,213.39
21.15,205.73
21.20,203.07
21.25,206.40
21.30,209.73
21.35,210.06
21.40,202.38
21.45,200.70
21.50,208.01
21.55,211.32
21.60,214.63
21.65,212.93
21.70,206.23
21.75,215.52
21.80,215.82
21.85,208.10
21.90,210.38
21.95,210.66
22.00,210.93
22.05,210.20
22.10,208.46
22.15,209.72
22.20,209.98
22.25,215.23
22.30,210.47
22.35,214.71
22.40,221.95
22.45,211.18
22.50,210.41
22.55,212.63
22.60,212.84
22.65,214.05
22.70,216.26
22.75,214.46
22.80,214.66
22.85,213.85
22.90,212.03
22.95,214.21
23.00,220.38
23.05,215.55
23.10,218.72
23.15,223.88
23.20,212.03
23.25,222.18
23.30,215.32
23.35,215.45
23.40,216.58
23.45,223.71
23.50,219.83
23.55,222.94
23.60,218.05
23.65,215.15
23.70,226.25
23.75,222.34
23.80,218.42
23.85,223.50
23.90,216.58
23.95,222.64
24.00,219.71
24.05,215.76
24.10,214.81
24.15,217.86
24.20,219.89
24.25,219.93
24.30,225.95
24.35,213.97
24.40,219.99
24.45,222.00
24.50,214.00
24.55,214.00
24.60,223.99
24.65,220.97
24.70,214.95
24.75,221.93
24.80,215.89
24.85,210.86
24.90,225.81
24.95,220.76
25.00,222.71
25.05,224.64
25.10,221.58
25.15,224.50
25.20,217.42
25.25,223.34
25.30,223.25
25.35,220.15
25.40,219.05
25.45,213.94
25.50,217.83
25.55,218.71
25.60,210.58
25.65,211.45
25.70,217.32
25.75,224.18
25.80,218.03
25.85,217.88
25.90,216.72
25.95,216.55
26.00,219.38
26.05,212.21
26.10,213.03
26.15,208.85
26.20,212.66
26.25,213.46
26.30,215.26
26.35,218.05
26.40,218.84
26.45,217.63
26.50,219.41
26.55,214.18
26.60,213.95
26.65,213.71
26.70,214.47
26.75,218.23
26.80,213.98
26.85,215.72
26.90,221.46
26.95,211.20
27.00,208.93
27.05,208.66
27.10,211.38
27.15,219.10
27.20,211.82
27.25,209.52
27.30,214.23
27.35,208.93
27.40,210.63
27.45,206.32
27.50,209.01
27.55,206.70
27.60,215.38
27.65,210.06
27.70,215.73
27.75,212.40
27.80,206.07
27.85,208.73
27.90,206.39
27.95,206.05
28.00,203.70
28.05,206.35
28.10,200.00
28.15,203.64
28.20,203.28
28.25,205.92
28.30,201.55
28.35,207.18
28.40,202.81
28.45,205.44
28.50,198.06
28.55,198.68
28.60,195.30
28.65,195.92
28.70,202.53
28.75,202.14
28.80,203.75
28.85,198.36
28.90,197.96
28.95,195.56
29.00,206.16
29.05,194.76
29.10,202.36
29.15,201.95
29.20,200.54
29.25,201.13
29.30,194.72
29.35,203.31
29.40,197.90
29.45,193.48
29.50,189.07
29.55,199.65
29.60,197.23
29.65,196.81
29.70,196.39
29.75,188.96
29.80,188.54
29.85,197.12
29.90,193.69
29.95,194.27
30.00,191.84
30.05,191.41
30.10,194.99
30.15,188.56
30.20,186.13
30.25,179.70
30.30,189.27
30.35,183.84
30.40,194.41
30.45,191.98
30.50,182.56
30.55,185.13
30.60,187.70
30.65,188.27
30.70,185.84
30.75,191.41
30.80,184.98
30.85,184.55
30.90,191.12
30.95,179.70
31.00,187.27
31.05,182.84
31.10,189.42
31.15,174.99
31.20,181.57
31.25,177.14
31.30,179.72
31.35,177.30
31.40,177.88
31.45,176.46
31.50,174.04
31.55,179.62
31.60,176.20
31.65,184.79
31.70,174.37
31.75,186.96
31.80,172.55
31.85,169.15
31.90,175.79
31.95,180.52
32.00,171.51
32.05,171.16
32.10,179.22
32.15,180.92
32.20,187.93
32.25,205.78
32.30,224.98
32.35,248.91
32.40,274.32
32.45,298.14
32.50,312.65
32.55,303.93
32.60,289.28
32.65,266.56
32.70,238.02
32.75,213.81
32.80,199.60
32.85,181.64
32.90,169.65
32.95,165.94
33.00,165.07
33.05,165.10
33.10,168.52
33.15,160.09
33.20,166.71
33.25,159.35
33.30,162.99
33.35,163.64
33.40,155.29
33.45,165.94
33.50,165.60
33.55,160.25
33.60,169.91
33.65,163.57
33.70,160.24
33.75,155.90
33.80,169.57
33.85,154.24
33.90,163.91
33.95,164.59
34.00,152.27
34.05,156.95
34.10,156.63
34.15,159.32
34.20,160.01
34.25,157.70
34.30,166.39
34.35,158.09
34.40,155.79
34.45,156.49
34.50,150.19
34.55,166.90
34.60,153.61
34.65,160.32
34.70,155.04
34.75,158.76
34.80,148.49
34.85,157.25
34.90,150.14
34.95,154.41
35.00,154.80
35.05,160.13
35.10,173.19
35.15,194.80
35.20,240.16
35.25,326.10
35.30,459.11
35.35,619.99
35.40,816.40
35.45,998.01
35.50,1117.32
35.55,1150.53
35.60,1078.69
35.65,928.97
35.70,732.21
35.75,554.81
35.80,397.93
35.85,283.58
35.90,221.75
35.95,176.81
36.00,161.18
36.05,148.97
36.10,151.65
36.15,155.36
36.20,148.82
36.25,145.52
36.30,148.30
36.35,150.09
36.40,143.89
36.45,146.70
36.50,142.50
36.55,146.31
36.60,148.12
36.65,144.94
36.70,142.76
36.75,143.57
36.80,144.40
36.85,149.22
36.90,148.05
36.95,141.87
37.00,154.70
37.05,145.54
37.10,148.37
37.15,137.21
37.20,154.05
37.25,156.89
37.30,144.73
37.35,148.58
37.40,139.43
37.45,141.28
37.50,139.13
37.55,142.98
37.60,138.84
37.65,156.70
37.70,149.56
37.75,144.42
37.80,141.29
37.85,139.15
37.90,153.02
37.95,156.89
38.00,146.78
38.05,146.71
38.10,144.81
38.15,146.40
38.20,139.37
38.25,145.77
38.30,161.71
38.35,190.17
38.40,239.96
38.45,327.42
38.50,462.39
38.55,617.49
38.60,792.49
38.65,948.32
38.70,1042.53
38.75,1050.63
38.80,971.97
38.85,820.94
38.90,649.85
38.95,485.55
39.00,346.45
39.05,246.89
39.10,188.74
39.15,168.06
39.20,146.67
39.25,138.97
39.30,131.33
39.35,133.35
39.40,147.00
39.45,141.84
39.50,133.74
39.55,134.66
39.60,138.58
39.65,137.51
39.70,140.43
39.75,134.36
39.80,139.29
39.85,144.22
39.90,133.15
39.95,142.09
40.00,141.02
40.05,137.96
40.10,135.89
40.15,144.83
40.20,137.77
40.25,138.71
40.30,141.65
40.35,142.59
40.40,135.54
40.45,139.48
40.50,134.43
40.55,137.37
40.60,130.32
40.65,140.27
40.70,132.22
40.75,140.17
40.80,137.12
40.85,135.07
40.90,137.03
40.95,145.98
41.00,132.94
41.05,141.89
41.10,135.85
41.15,134.81
41.20,139.77
41.25,139.73
41.30,137.69
41.35,137.65
41.40,134.61
41.45,127.57
41.50,137.54
41.55,137.50
41.60,133.46
41.65,133.43
41.70,132.40
41.75,140.36
41.80,138.33
41.85,129.30
41.90,136.27
41.95,135.24
42.00,132.21
42.05,130.18
42.10,133.15
42.15,140.12
42.20,133.10
42.25,139.07
42.30,141.04
42.35,137.02
42.40,133.99
42.45,133.97
42.50,134.94
42.55,135.92
42.60,130.90
42.65,136.88
42.70,134.85
42.75,134.83
42.80,135.81
42.85,137.79
42.90,139.77
42.95,129.75
43.00,134.73
43.05,139.71
43.10,135.70
43.15,138.68
43.20,133.66
43.25,139.64
43.30,136.63
43.35,139.61
43.40,132.60
43.45,135.58
43.50,139.56
43.55,129.55
43.60,131.54
43.65,139.52
43.70,133.51
43.75,137.49
43.80,132.48
43.85,135.47
43.90,136.46
43.95,138.44
44.00,141.43
44.05,136.42
44.10,136.41
44.15,132.40
44.20,130.39
44.25,136.38
44.30,139.37
44.35,134.36
44.40,133.35
44.45,134.34
44.50,133.33
44.55,137.32
44.60,131.31
44.65,138.30
44.70,137.29
44.75,134.29
44.80,131.28
44.85,137.27
44.90,139.26
44.95,136.26
45.00,135.25
45.05,139.24
45.10,137.23
45.15,134.23
45.20,131.22
45.25,129.21
45.30,132.21
45.35,137.20
45.40,138.20
45.45,136.19
45.50,134.19
45.55,136.18
45.60,131.18
45.65,135.17
45.70,140.17
45.75,135.16
45.80,142.16
45.85,136.15
45.90,134.15
45.95,136.14
46.00,134.14
46.05,134.13
46.10,138.13
46.15,133.13
46.20,134.12
46.25,135.12
46.30,138.12
46.35,133.11
46.40,138.11
46.45,138.11
46.50,139.10
46.55,140.10
46.60,137.10
46.65,135.09
46.70,142.09
46.75,137.09
46.80,128.09
46.85,135.08
46.90,137.08
46.95,138.08
47.00,138.08
47.05,143.07
47.10,139.07
47.15,133.07
47.20,134.07
47.25,139.06
47.30,130.06
47.35,130.06
47.40,134.06
47.45,147.06
47.50,138.05
47.55,135.05
47.60,137.05
47.65,133.05
47.70,132.05
47.75,142.05
47.80,133.05
47.85,138.04
47.90,142.04
47.95,132.04
48.00,132.06
48.05,131.10
48.10,133.23
48.15,134.64
48.20,134.72
48.25,133.34
48.30,146.01
48.35,151.09
48.40,173.45
48.45,205.61
48.50,247.19
48.55,291.18
48.60,349.31
48.65,390.26
48.70,414.92
48.75,409.30
48.80,383.12
48.85,332.46
48.90,284.79
48.95,234.04
49.00,200.64
49.05,176.76
49.10,151.29
49.15,142.52
49.20,139.61
49.25,135.40
49.30,130.50
49.35,134.17
49.40,139.06
49.45,131.03
49.50,139.02
49.55,132.01
49.60,130.01
49.65,140.01
49.70,139.01
49.75,135.01
49.80,138.01
49.85,139.01
49.90,138.01
49.95,134.01
50.00,138.01
50.05,138.01
50.10,140.01
50.15,142.01
50.20,140.01
50.25,132.01
50.30,131.01
50.35,132.01
50.40,138.01
50.45,144.01
50.50,131.01
50.55,131.01
50.60,139.01
50.65,137.01
50.70,134.01
50.75,132.01
50.80,131.01
50.85,136.01
50.90,138.01
50.95,137.01
51.00,136.00
51.05,135.00
51.10,143.00
51.15,135.00
51.20,127.00
51.25,141.00
51.30,133.00
51.35,138.00
51.40,134.00
51.45,131.00
51.50,128.00
51.55,146.00
51.60,132.00
51.65,125.00
51.70,138.00
51.75,136.00
51.80,134.00
51.85,134.00
51.90,136.00
51.95,143.00
52.00,133.00
52.05,137.00
52.10,142.00
52.15,138.00
52.20,133.00
52.25,132.00
52.30,133.00
52.35,129.00
52.40,133.00
52.45,135.00
52.50,130.00
52.55,137.00
52.60,139.00
52.65,137.00
52.70,129.00
52.75,136.01
52.80,133.03
52.85,140.10
52.90,134.29
52.95,131.80
53.00,135.04
53.05,142.75
53.10,146.10
53.15,148.60
53.20,175.73
53.25,192.20
53.30,223.05
53.35,246.07
53.40,273.11
53.45,287.42
53.50,291.71
53.55,289.87
53.60,266.43
53.65,234.50
53.70,208.82
53.75,183.86
53.80,167.93
53.85,151.20
53.90,135.55
53.95,134.43
54.00,144.42
54.05,138.54
54.10,134.19
54.15,136.06
54.20,141.02
54.25,134.00
54.30,133.00
54.35,131.00
54.40,130.00
54.45,138.00
54.50,138.00
54.55,136.00
54.60,142.00
54.65,133.00
54.70,142.00
54.75,140.00
54.80,134.00
54.85,137.00
54.90,141.00
54.95,136.00
55.00,137.00
55.05,139.00
55.10,130.00
55.15,134.00
55.20,140.00
55.25,139.00
55.30,135.00
55.35,130.00
55.40,133.00
55.45,134.00
55.50,136.00
55.55,134.00
55.60,139.00
55.65,132.00
55.70,141.00
55.75,135.00
55.80,135.00
55.85,132.00
55.90,137.00
55.95,137.00
56.00,141.00
56.05,131.00
56.10,132.00
56.15,133.00
56.20,136.00
56.25,138.00
56.30,135.00
56.35,133.00
56.40,140.00
56.45,137.00
56.50,139.00
56.55,138.00
56.60,136.00
56.65,147.00
56.70,130.00
56.75,140.00
56.80,134.00
56.85,132.00
56.90,137.00
56.95,130.00
57.00,129.00
57.05,138.00
57.10,136.00
57.15,127.00
57.20,131.00
57.25,138.00
57.30,129.00
57.35,142.00
57.40,138.00
57.45,131.00
57.50,139.01
57.55,133.02
57.60,137.07
57.65,142.23
57.70,133.64
57.75,137.64
57.80,138.87
57.85,144.39
57.90,156.67
57.95,167.37
58.00,181.71
58.05,214.62
58.10,240.93
58.15,268.15
58.20,307.31
58.25,315.75
58.30,315.21
58.35,298.05
58.40,264.19
58.45,238.50
58.50,204.78
58.55,184.09
58.60,170.13
58.65,144.64
58.70,141.24
58.75,145.28
58.80,135.37
58.85,145.52
58.90,135.18
58.95,141.06
59.00,129.02
59.05,138.00
59.10,135.00
59.15,137.00
59.20,131.00
59.25,143.00
59.30,130.00
59.35,126.00
59.40,140.00
59.45,138.00
59.50,137.00
59.55,135.00
59.60,132.00
59.65,134.00
59.70,139.00
59.75,133.00
59.80,141.00
59.85,130.00
59.90,133.00
59.95,140.00
60.00,130.00
60.05,138.00
60.10,139.00
60.15,129.00
60.20,132.00
60.25,138.00
60.30,133.00
60.35,137.00
60.40,138.00
60.45,132.00
60.50,136.00
60.55,134.00
60.60,131.00
60.65,133.00
60.70,137.00
60.75,134.01
60.80,135.04
60.85,139.12
60.90,142.34
60.95,138.93
61.00,142.33
61.05,141.36
61.10,144.32
61.15,156.00
61.20,174.30
61.25,203.55
61.30,231.47
61.35,269.31
61.40,309.68
61.45,334.60
61.50,354.52
61.55,349.69
61.60,331.55
61.65,305.57
61.70,259.57
61.75,226.37
61.80,191.85
61.85,172.23
61.90,157.39
61.95,142.81
62.00,135.57
62.05,135.95
62.10,138.77
62.15,139.28
62.20,135.09
62.25,136.03
62.30,134.01
62.35,130.00
62.40,136.00
62.45,133.00
62.50,139.00
62.55,133.00
62.60,136.00
62.65,135.00
62.70,135.00
62.75,143.00
62.80,144.00
62.85,135.00
62.90,137.00
62.95,128.00
63.00,132.00
63.05,137.00
63.10,139.00
63.15,134.00
63.20,132.00
63.25,128.00
63.30,134.00
63.35,131.00
63.40,136.00
63.45,135.00
63.50,135.00
63.55,132.00
63.60,133.00
63.65,134.00
63.70,135.00
63.75,138.00
63.80,137.00
63.85,137.00
63.90,132.00
63.95,134.00
64.00,133.00
64.05,135.00
64.10,133.00
64.15,131.00
64.20,137.00
64.25,141.00
64.30,137.00
64.35,134.00
64.40,137.00
64.45,132.00
64.50,137.00
64.55,136.00
64.60,136.00
64.65,135.00
64.70,135.00
64.75,135.00
64.80,132.00
64.85,134.00
64.90,133.00
64.95,134.00
65.00,136.00
65.05,130.00
65.10,134.00
65.15,140.00
65.20,133.00
65.25,137.00
65.30,133.00
65.35,140.00
65.40,135.00
65.45,127.01
65.50,133.05
65.55,137.15
65.60,134.41
65.65,135.06
65.70,141.52
65.75,137.57
65.80,148.34
65.85,149.31
65.90,172.99
65.95,194.27
66.00,219.67
66.05,254.72
66.10,285.94
66.15,308.69
66.20,321.79
66.25,322.29
66.30,307.53
66.35,281.03
66.40,247.21
66.45,216.58
66.50,188.28
66.55,169.34
66.60,156.90
66.65,146.90
66.70,140.78
66.75,139.13
66.80,140.88
66.85,143.33
66.90,139.12
66.95,132.04
67.00,136.01
67.05,133.00
67.10,134.00
67.15,132.00
67.20,139.00
67.25,138.00
67.30,133.01
67.35,135.02
67.40,134.06
67.45,141.19
67.50,135.52
67.55,131.31
67.60,140.06
67.65,138.64
67.70,145.32
67.75,162.70
67.80,187.36
67.85,200.19
67.90,228.54
67.95,263.66
68.00,297.67
68.05,326.51
68.10,347.69
68.15,341.07
68.20,322.01
68.25,297.24
68.30,259.55
68.35,224.85
68.40,200.65
68.45,169.27
68.50,156.97
68.55,145.67
68.60,137.73
68.65,138.60
68.70,142.09
68.75,139.42
68.80,134.15
68.85,132.05
68.90,137.02
68.95,144.00
69.00,143.00
69.05,141.00
69.10,133.00
69.15,135.00
69.20,134.00
69.25,138.00
69.30,130.00
69.35,135.00
69.40,134.00
69.45,136.00
69.50,136.00
69.55,141.00
69.60,131.00
69.65,127.00
69.70,135.00
69.75,134.00
69.80,134.00
69.85,142.00
69.90,136.00
69.95,138.00
70.00,134.00
