wavenumber_cm1,transmittance_pct
400,95.83
405,95.70
410,95.80
415,95.95
420,95.57
425,96.25
430,96.43
435,96.14
440,96.02
445,95.75
450,95.92
455,95.90
460,95.83
465,95.88
470,95.96
475,96.48
480,96.23
485,96.32
490,95.26
495,94.76
500,93.42
505,90.44
510,84.83
515,77.48
520,68.97
525,60.03
530,53.79
535,51.38
540,53.25
545,59.82
550,67.85
555,75.05
560,80.84
565,82.51
570,80.37
575,76.03
580,69.57
585,64.09
590,59.56
595,57.71
600,59.46
605,63.86
610,70.08
615,76.65
620,83.38
625,87.75
630,91.56
635,93.44
640,94.57
645,95.57
650,95.97
655,96.11
660,95.98
665,96.15
670,96.11
675,95.71
680,96.14
685,95.96
690,95.55
695,95.73
700,95.95
705,96.59
710,95.98
715,95.84
720,95.52
725,96.10
730,96.28
735,96.28
740,96.12
745,96.03
750,96.09
755,96.10
760,96.00
765,96.14
770,95.83
775,95.99
780,96.11
785,95.87
790,96.51
795,95.92
800,96.24
805,95.93
810,95.93
815,96.09
820,95.74
825,96.01
830,96.14
835,95.59
840,96.04
845,96.34
850,96.24
855,96.22
860,95.74
865,96.06
870,96.21
875,95.65
880,95.43
885,95.60
890,95.79
895,96.51
900,95.96
905,96.14
910,95.93
915,95.52
920,95.91
925,95.86
930,95.94
935,95.84
940,95.82
945,95.71
950,95.91
955,95.47
960,95.80
965,96.30
970,95.82
975,95.98
980,95.70
985,95.41
990,95.81
995,95.25
1000,94.79
1005,93.81
1010,93.36
1015,92.39
1020,91.45
1025,90.12
1030,88.62
1035,87.30
1040,85.73
1045,84.95
1050,84.18
1055,83.84
1060,83.87
1065,84.89
1070,85.78
1075,86.75
1080,88.64
1085,89.67
1090,91.05
1095,92.16
1100,93.62
1105,94.34
1110,94.84
1115,95.05
1120,95.32
1125,95.66
1130,95.89
1135,96.25
1140,96.08
1145,95.92
1150,96.29
1155,95.64
1160,95.98
1165,95.99
1170,96.09
1175,95.80
1180,96.02
1185,96.53
1190,96.10
1195,96.01
1200,95.99
1205,96.40
1210,96.02
1215,95.88
1220,96.03
1225,96.10
1230,96.08
1235,96.39
1240,95.87
1245,96.09
1250,96.17
1255,95.79
1260,95.84
1265,96.17
1270,96.03
1275,95.83
1280,95.65
1285,96.07
1290,95.77
1295,95.91
1300,96.20
1305,95.89
1310,95.89
1315,96.06
1320,95.85
1325,95.78
1330,96.18
1335,95.96
1340,96.16
1345,96.27
1350,95.92
1355,96.45
1360,95.66
1365,95.85
1370,96.75
1375,96.18
1380,96.10
1385,95.59
1390,95.96
1395,96.05
1400,96.17
1405,96.65
1410,96.22
1415,96.18
1420,95.86
1425,95.50
1430,95.70
1435,96.40
1440,96.42
1445,96.30
1450,95.45
1455,95.98
1460,96.20
1465,96.31
1470,96.26
1475,96.12
1480,96.27
1485,96.13
1490,95.71
1495,96.19
1500,96.37
1505,95.95
1510,96.05
1515,96.03
1520,96.44
1525,96.13
1530,95.86
1535,95.31
1540,95.87
1545,96.01
1550,95.69
1555,96.04
1560,95.47
1565,94.82
1570,94.14
1575,93.71
1580,93.48
1585,92.83
1590,91.36
1595,89.61
1600,88.03
1605,86.47
1610,85.01
1615,83.60
1620,82.35
1625,81.17
1630,80.85
1635,80.52
1640,81.13
1645,81.11
1650,82.13
1655,83.46
1660,84.80
1665,86.79
1670,88.26
1675,89.41
1680,91.04
1685,91.83
1690,93.38
1695,93.97
1700,94.93
1705,95.08
1710,95.27
1715,95.91
1720,95.53
1725,95.96
1730,95.99
1735,95.69
1740,96.02
1745,95.84
1750,96.03
1755,96.18
1760,96.27
1765,96.31
1770,95.97
1775,95.65
1780,96.48
1785,96.16
1790,96.15
1795,95.82
1800,96.18
1805,96.18
1810,95.82
1815,96.08
1820,96.39
1825,96.37
1830,96.01
1835,95.88
1840,96.00
1845,95.83
1850,96.19
1855,95.85
1860,95.75
1865,96.25
1870,95.94
1875,96.15
1880,96.48
1885,96.18
1890,95.93
1895,96.26
1900,95.74
1905,96.12
1910,96.13
1915,96.65
1920,96.30
1925,96.12
1930,95.95
1935,96.04
1940,96.65
1945,96.26
1950,95.83
1955,95.71
1960,96.05
1965,95.88
1970,96.29
1975,95.72
1980,96.42
1985,95.99
1990,95.96
1995,96.03
2000,96.15
2005,96.04
2010,95.95
2015,96.12
2020,95.93
2025,96.06
2030,95.83
2035,96.07
2040,96.05
2045,95.98
2050,96.32
2055,95.80
2060,96.11
2065,95.95
2070,95.60
2075,95.84
2080,96.20
2085,95.62
2090,95.73
2095,96.12
2100,96.31
2105,95.68
2110,95.19
2115,95.85
2120,96.18
2125,95.88
2130,95.80
2135,95.80
2140,95.91
2145,96.49
2150,96.03
2155,96.00
2160,96.13
2165,96.27
2170,95.65
2175,96.18
2180,96.17
2185,96.18
2190,96.11
2195,95.52
2200,95.83
2205,95.91
2210,95.74
2215,96.37
2220,96.05
2225,96.30
2230,95.61
2235,95.88
2240,96.32
2245,96.06
2250,96.00
2255,95.89
2260,96.11
2265,95.98
2270,95.56
2275,95.73
2280,95.90
2285,96.11
2290,95.78
2295,95.85
2300,96.25
2305,95.99
2310,96.31
2315,96.00
2320,96.46
2325,95.83
2330,95.79
2335,96.35
2340,96.05
2345,96.18
2350,96.25
2355,95.76
2360,95.88
2365,96.22
2370,95.70
2375,95.86
2380,96.39
2385,96.23
2390,95.91
2395,95.97
2400,96.13
2405,95.82
2410,96.11
2415,95.46
2420,95.93
2425,96.00
2430,95.89
2435,95.85
2440,96.11
2445,96.02
2450,96.17
2455,96.29
2460,95.67
2465,96.08
2470,95.96
2475,95.68
2480,95.64
2485,96.37
2490,96.50
2495,96.29
2500,96.01
2505,95.83
2510,95.84
2515,96.18
2520,96.06
2525,96.49
2530,95.70
2535,95.68
2540,96.20
2545,95.97
2550,96.11
2555,95.59
2560,95.99
2565,95.89
2570,95.58
2575,95.76
2580,96.24
2585,96.02
2590,96.07
2595,96.13
2600,96.31
2605,96.09
2610,95.69
2615,96.19
2620,95.59
2625,96.26
2630,95.70
2635,96.13
2640,95.88
2645,96.24
2650,96.18
2655,95.97
2660,96.17
2665,96.14
2670,96.36
2675,95.88
2680,95.69
2685,96.01
2690,95.77
2695,95.53
2700,96.00
2705,95.89
2710,95.99
2715,96.08
2720,96.17
2725,96.02
2730,96.01
2735,95.95
2740,95.96
2745,95.78
2750,96.10
2755,95.70
2760,95.77
2765,95.70
2770,96.27
2775,95.39
2780,95.99
2785,95.97
2790,96.01
2795,95.90
2800,95.73
2805,96.28
2810,96.08
2815,96.10
2820,95.98
2825,95.91
2830,95.85
2835,96.09
2840,95.84
2845,96.15
2850,96.19
2855,96.14
2860,95.96
2865,95.75
2870,95.39
2875,95.33
2880,95.28
2885,95.56
2890,94.56
2895,94.02
2900,92.54
2905,91.39
2910,90.20
2915,89.04
2920,88.61
2925,88.01
2930,88.51
2935,89.36
2940,90.64
2945,91.32
2950,92.55
2955,93.81
2960,94.98
2965,94.90
2970,95.24
2975,95.66
2980,95.39
2985,95.95
2990,95.93
2995,96.06
3000,95.98
3005,96.18
3010,95.90
3015,95.95
3020,95.82
3025,96.50
3030,95.90
3035,95.90
3040,96.05
3045,95.55
3050,96.37
3055,95.55
3060,96.23
3065,95.98
3070,96.52
3075,95.72
3080,96.12
3085,95.85
3090,95.48
3095,96.23
3100,95.79
3105,95.25
3110,95.71
3115,95.52
3120,95.84
3125,95.33
3130,95.60
3135,95.55
3140,95.08
3145,94.65
3150,94.56
3155,94.65
3160,94.77
3165,94.04
3170,93.70
3175,93.92
3180,93.40
3185,93.30
3190,92.54
3195,92.72
3200,92.86
3205,92.61
3210,91.85
3215,91.32
3220,90.91
3225,89.95
3230,89.91
3235,88.99
3240,88.36
3245,87.83
3250,87.52
3255,86.94
3260,85.96
3265,85.54
3270,85.13
3275,84.19
3280,83.76
3285,82.70
3290,82.85
3295,81.97
3300,81.54
3305,80.73
3310,80.28
3315,79.72
3320,78.99
3325,78.96
3330,78.58
3335,77.82
3340,77.56
3345,76.93
3350,76.81
3355,76.90
3360,76.88
3365,76.34
3370,76.28
3375,76.51
3380,76.50
3385,76.84
3390,77.09
3395,77.36
3400,77.57
3405,77.57
3410,77.88
3415,78.61
3420,79.09
3425,79.70
3430,80.54
3435,80.32
3440,81.56
3445,81.84
3450,82.61
3455,82.47
3460,83.79
3465,84.67
3470,85.42
3475,85.49
3480,86.44
3485,87.28
3490,87.48
3495,88.20
3500,88.38
3505,88.87
3510,89.50
3515,90.55
3520,90.50
3525,91.12
3530,91.86
3535,91.92
3540,92.37
3545,92.94
3550,93.05
3555,93.38
3560,93.56
3565,93.98
3570,94.22
3575,94.52
3580,94.73
3585,94.46
3590,94.75
3595,94.80
3600,94.88
3605,95.21
3610,95.60
3615,95.36
3620,94.98
3625,95.44
3630,95.69
3635,95.67
3640,95.61
3645,95.69
3650,95.66
3655,95.67
3660,95.78
3665,96.09
3670,96.04
3675,95.68
3680,95.92
3685,95.69
3690,95.54
3695,95.58
3700,95.70
3705,96.07
3710,95.62
3715,96.20
3720,96.07
3725,95.46
3730,95.76
3735,96.08
3740,96.27
3745,96.30
3750,95.81
3755,96.06
3760,95.97
3765,96.05
3770,95.35
3775,96.09
3780,96.45
3785,96.07
3790,95.65
3795,95.97
3800,96.07
3805,96.16
3810,96.02
3815,95.94
3820,96.32
3825,95.77
3830,96.58
3835,95.85
3840,95.95
3845,95.66
3850,96.11
3855,96.15
3860,95.88
3865,95.83
3870,96.29
3875,95.62
3880,95.89
3885,96.00
3890,96.06
3895,96.08
3900,95.61
3905,95.74
3910,95.84
3915,95.99
3920,96.02
3925,96.03
3930,95.98
3935,96.32
3940,96.40
3945,95.62
3950,96.21
3955,95.93
3960,96.16
3965,96.18
3970,96.33
3975,95.56
3980,95.59
3985,96.01
3990,95.35
3995,95.44
4000,95.55
