wavelength_nm,absorbance
350,1.3942
352,1.3988
354,1.3931
356,1.3974
358,1.4047
360,1.4143
362,1.3978
364,1.4106
366,1.4112
368,1.4151
370,1.4077
372,1.4104
374,1.4145
376,1.4105
378,1.4129
380,1.4141
382,1.4165
384,1.4204
386,1.4158
388,1.4084
390,1.4162
392,1.4185
394,1.4236
396,1.4184
398,1.4207
400,1.4169
402,1.4201
404,1.4201
406,1.4141
408,1.4204
410,1.4137
412,1.4212
414,1.4178
416,1.4169
418,1.4245
420,1.4236
422,1.4213
424,1.4226
426,1.4139
428,1.4171
430,1.4229
432,1.4187
434,1.4184
436,1.4203
438,1.4233
440,1.4163
442,1.4174
444,1.4139
446,1.4213
448,1.4151
450,1.4183
452,1.4195
454,1.4116
456,1.4150
458,1.4183
460,1.4135
462,1.4119
464,1.4143
466,1.4074
468,1.4054
470,1.4116
472,1.4056
474,1.4034
476,1.4077
478,1.4059
480,1.4042
482,1.4022
484,1.4037
486,1.4008
488,1.3956
490,1.4068
492,1.4002
494,1.3959
496,1.4000
498,1.3996
500,1.3935
502,1.3927
504,1.3993
506,1.3891
508,1.3915
510,1.3882
512,1.3919
514,1.3915
516,1.3859
518,1.3834
520,1.3815
522,1.3779
524,1.3715
526,1.3750
528,1.3821
530,1.3810
532,1.3727
534,1.3692
536,1.3702
538,1.3755
540,1.3586
542,1.3706
544,1.3599
546,1.3540
548,1.3564
550,1.3602
552,1.3591
554,1.3560
556,1.3504
558,1.3400
560,1.3376
562,1.3549
564,1.3477
566,1.3416
568,1.3416
570,1.3257
572,1.3350
574,1.3348
576,1.3244
578,1.3243
580,1.3247
582,1.3217
584,1.3199
586,1.3148
588,1.3117
590,1.3132
592,1.3027
594,1.3075
596,1.3054
598,1.2976
600,1.2966
602,1.2950
604,1.2921
606,1.2832
608,1.2853
610,1.2780
612,1.2832
614,1.2755
616,1.2751
618,1.2747
620,1.2644
622,1.2578
624,1.2570
626,1.2594
628,1.2492
630,1.2503
632,1.2441
634,1.2431
636,1.2371
638,1.2308
640,1.2318
642,1.2278
644,1.2201
646,1.2173
648,1.2145
650,1.2047
652,1.2085
654,1.2042
656,1.2037
658,1.2000
660,1.1976
662,1.1878
664,1.1817
666,1.1849
668,1.1777
670,1.1727
672,1.1734
674,1.1569
676,1.1567
678,1.1544
680,1.1447
682,1.1393
684,1.1286
686,1.1371
688,1.1193
690,1.1254
692,1.1192
694,1.1090
696,1.1081
698,1.1008
700,1.0873
702,1.0999
704,1.0777
706,1.0805
708,1.0685
710,1.0733
712,1.0617
714,1.0556
716,1.0523
718,1.0514
720,1.0329
722,1.0391
724,1.0319
726,1.0161
728,1.0190
730,1.0092
732,0.9964
734,0.9910
736,0.9825
738,0.9777
740,0.9728
742,0.9618
744,0.9563
746,0.9493
748,0.9419
750,0.9343
752,0.9291
754,0.9081
756,0.9183
758,0.8999
760,0.8903
762,0.8830
764,0.8807
766,0.8724
768,0.8611
770,0.8553
772,0.8484
774,0.8336
776,0.8275
778,0.8112
780,0.8044
782,0.7991
784,0.7824
786,0.7747
788,0.7633
790,0.7478
792,0.7459
794,0.7270
796,0.7128
798,0.7009
800,0.6875
802,0.6873
804,0.6603
806,0.6541
808,0.6275
810,0.6253
812,0.6094
814,0.5981
816,0.5787
818,0.5631
820,0.5412
822,0.5257
824,0.5099
826,0.4812
828,0.4603
830,0.4451
832,0.4090
834,0.3921
836,0.3601
838,0.3216
840,0.2703
842,0.2014
844,0.2002
846,0.1994
848,0.1969
850,0.1921
852,0.1873
854,0.1800
856,0.1876
858,0.1771
860,0.1790
862,0.1783
864,0.1709
866,0.1737
868,0.1656
870,0.1685
872,0.1639
874,0.1589
876,0.1618
878,0.1579
880,0.1589
882,0.1569
884,0.1498
886,0.1587
888,0.1547
890,0.1528
892,0.1480
894,0.1515
896,0.1491
898,0.1423
900,0.1513
