voltage_v,current_a
-2.00,-4.64600254e-05
-1.90,-4.45289581e-05
-1.80,-4.17102414e-05
-1.70,-3.99076147e-05
-1.60,-3.59414596e-05
-1.50,-3.47809232e-05
-1.40,-3.21093615e-05
-1.30,-3.10596240e-05
-1.20,-2.74806170e-05
-1.10,-2.51709389e-05
-1.00,-2.25253204e-05
-0.90,-2.08301398e-05
-0.80,-1.87367661e-05
-0.70,-1.58552566e-05
-0.60,-1.29827985e-05
-0.50,-1.07974942e-05
-0.40,-9.33220360e-06
-0.30,-6.49778433e-06
-0.20,-5.12564678e-06
-0.10,-2.61353382e-06
0.00,-2.17740614e-07
0.10,2.22544670e-06
0.20,4.78201778e-06
0.30,7.72467345e-06
0.40,9.15272793e-06
0.50,1.12443729e-05
0.60,1.43940530e-05
0.70,1.58190276e-05
0.80,1.88150660e-05
0.90,2.10751630e-05
1.00,2.32400677e-05
1.10,2.56637669e-05
1.20,2.79691498e-05
1.30,2.96771428e-05
1.40,3.23935558e-05
1.50,3.47590612e-05
1.60,3.74478620e-05
1.70,3.96702274e-05
1.80,4.23084128e-05
1.90,4.44900547e-05
2.00,4.64910972e-05
