experiment_code,sample_code,group_id,status,substrate_type,substrate_temperature_c,precursor_concentration,mulberry_extract_concentration,mulberry_extract_volume,spray_rate_ml_min,spray_duration_min,thickness_nm,crystallite_size_nm,band_gap_ev,electrical_conductivity_s_cm,techniques_measured
P7-SYNTH-001,P7-SYNTH-001-S01,GROUP_A,COMPLETED,ITO Glass,371.2,0.4132,23.17,11.1,6.82,37.4,950.0,24.5,1.466,0.87594,XRD;UV_VIS;FTIR;ELECTRICAL
P7-SYNTH-002,P7-SYNTH-002-S01,GROUP_A,COMPLETED,Glass,221.9,0.3639,11.97,28.6,5.79,16.2,116.32,12.62,1.629,0.03057,XRD;UV_VIS;FTIR;ELECTRICAL
P7-SYNTH-003,P7-SYNTH-003-S01,GROUP_A,COMPLETED,ITO Glass,355.5,0.3546,29.96,35.7,5.87,33.0,914.26,20.3,1.48,0.90281,XRD;UV_VIS;FTIR;ELECTRICAL
P7-SYNTH-004,P7-SYNTH-004-S01,GROUP_A,COMPLETED,FTO Glass,316.8,0.4458,8.06,14.7,3.87,11.3,199.94,22.31,1.462,0.52601,XRD;UV_VIS;FTIR;ELECTRICAL
P7-SYNTH-005,P7-SYNTH-005-S01,GROUP_A,COMPLETED,Glass,254.4,0.2108,18.53,29.2,5.8,15.3,107.17,12.46,1.634,0.05454,XRD;UV_VIS;FTIR;ELECTRICAL
P7-SYNTH-006,P7-SYNTH-006-S01,GROUP_A,COMPLETED,FTO Glass,232.7,0.3663,6.61,40.5,6.77,29.5,344.29,13.57,1.586,0.10636,ELECTRICAL
P7-SYNTH-007,P7-SYNTH-007-S01,GROUP_A,COMPLETED,FTO Glass,341.3,0.4075,7.33,43.3,5.49,35.8,950.0,23.5,1.42,0.76278,XRD;ELECTRICAL
P7-SYNTH-008,P7-SYNTH-008-S01,GROUP_A,COMPLETED,FTO Glass,341.3,0.281,26.04,30.6,3.46,22.0,226.34,19.97,1.49,0.7567,XRD;UV_VIS;ELECTRICAL
P7-SYNTH-009,P7-SYNTH-009-S01,GROUP_A,COMPLETED,Glass,368.8,0.1523,17.02,31.0,5.5,14.7,110.96,22.4,1.452,0.18319,XRD;UV_VIS;FTIR;ELECTRICAL
P7-SYNTH-010,P7-SYNTH-010-S01,GROUP_A,COMPLETED,Glass,355.1,0.2901,12.84,36.9,4.78,27.0,277.63,24.0,1.422,0.58484,XRD;UV_VIS;FTIR;ELECTRICAL
P7-SYNTH-011,P7-SYNTH-011-S01,GROUP_A,COMPLETED,ITO Glass,330.7,0.1158,3.03,12.4,3.7,18.4,119.68,21.98,1.458,0.14894,XRD;UV_VIS;FTIR;ELECTRICAL
P7-SYNTH-012,P7-SYNTH-012-S01,GROUP_A,COMPLETED,Glass,276.2,0.4169,28.17,23.9,6.45,20.1,668.24,13.55,1.602,0.22078,XRD;UV_VIS;FTIR;ELECTRICAL
P7-SYNTH-013,P7-SYNTH-013-S01,GROUP_A,COMPLETED,Glass,379.2,0.4,18.43,34.9,3.03,39.1,580.19,24.15,1.407,0.63948,XRD;UV_VIS;FTIR;ELECTRICAL
P7-SYNTH-014,P7-SYNTH-014-S01,GROUP_A,COMPLETED,Glass,223.1,0.4402,16.15,13.0,5.6,37.3,658.39,12.61,1.652,0.07205,XRD;UV_VIS;ELECTRICAL
P7-SYNTH-015,P7-SYNTH-015-S01,GROUP_A,COMPLETED,Glass,398.9,0.2848,23.54,16.7,3.41,26.1,279.36,26.56,1.42,0.51542,XRD;UV_VIS;FTIR;ELECTRICAL
P7-SYNTH-016,P7-SYNTH-016-S01,GROUP_A,COMPLETED,Glass,241.1,0.2521,13.5,41.6,2.51,33.7,99.65,13.18,1.599,0.03274,XRD;UV_VIS;FTIR;ELECTRICAL
P7-SYNTH-017,P7-SYNTH-017-S01,GROUP_A,COMPLETED,Glass,228.5,0.2835,28.08,20.8,3.87,23.7,175.11,11.24,1.663,0.04629,XRD;ELECTRICAL
P7-SYNTH-018,P7-SYNTH-018-S01,GROUP_A,COMPLETED,Glass,426.9,0.1931,23.82,24.8,6.41,12.1,121.59,25.23,1.421,0.14184,XRD;UV_VIS;FTIR;ELECTRICAL
P7-SYNTH-019,P7-SYNTH-019-S01,GROUP_A,COMPLETED,Glass,293.9,0.1178,27.06,12.7,2.05,20.4,70.0,13.99,1.58,0.04161,XRD;ELECTRICAL
P7-SYNTH-020,P7-SYNTH-020-S01,GROUP_A,COMPLETED,FTO Glass,317.9,0.1984,6.57,38.2,3.98,28.7,177.41,19.11,1.432,0.43408,XRD;UV_VIS;FTIR;ELECTRICAL
P7-SYNTH-021,P7-SYNTH-021-S01,GROUP_A,COMPLETED,Glass,349.5,0.114,21.06,23.8,4.53,18.9,110.87,18.94,1.472,0.17497,XRD;ELECTRICAL
P7-SYNTH-022,P7-SYNTH-022-S01,GROUP_A,COMPLETED,Glass,372.8,0.4036,3.17,19.3,4.16,37.6,950.0,28.4,1.409,0.41243,XRD;FTIR;ELECTRICAL
P7-SYNTH-023,P7-SYNTH-023-S01,GROUP_A,COMPLETED,Silicon,227.7,0.3714,9.36,22.3,6.58,13.9,147.12,13.38,1.601,0.05152,XRD;UV_VIS;FTIR;ELECTRICAL
P7-SYNTH-024,P7-SYNTH-024-S01,GROUP_A,COMPLETED,Glass,240.0,0.268,17.21,43.0,2.77,38.5,311.0,12.05,1.632,0.10521,XRD;UV_VIS;ELECTRICAL
P7-SYNTH-025,P7-SYNTH-025-S01,GROUP_A,COMPLETED,FTO Glass,341.7,0.3503,6.27,22.1,4.23,17.3,190.92,24.39,1.458,0.55338,XRD;UV_VIS;ELECTRICAL
P7-SYNTH-026,P7-SYNTH-026-S01,GROUP_A,COMPLETED,Glass,352.4,0.2959,9.79,34.6,2.91,38.7,408.51,24.21,1.461,0.52681,XRD;UV_VIS;FTIR;ELECTRICAL
P7-SYNTH-027,P7-SYNTH-027-S01,GROUP_A,COMPLETED,Glass,407.7,0.4315,15.2,22.9,2.02,37.8,350.48,28.44,1.391,0.64645,XRD;ELECTRICAL
P7-SYNTH-028,P7-SYNTH-028-S01,GROUP_A,COMPLETED,Glass,246.8,0.2494,29.82,31.6,3.32,22.4,147.04,10.5,1.724,0.05723,XRD;FTIR;ELECTRICAL
P7-SYNTH-029,P7-SYNTH-029-S01,GROUP_A,COMPLETED,ITO Glass,439.1,0.2481,27.45,28.8,3.29,20.2,343.19,25.54,1.418,0.55628,XRD;UV_VIS;FTIR;ELECTRICAL
P7-SYNTH-030,P7-SYNTH-030-S01,GROUP_A,COMPLETED,Glass,427.6,0.0971,14.07,21.3,5.98,10.7,70.0,26.84,1.437,0.05334,XRD;ELECTRICAL
P7-SYNTH-031,P7-SYNTH-031-S01,GROUP_A,COMPLETED,Glass,349.9,0.2034,21.34,18.8,2.54,24.1,120.13,21.0,1.49,0.20652,XRD;ELECTRICAL
P7-SYNTH-032,P7-SYNTH-032-S01,GROUP_A,COMPLETED,Glass,422.1,0.4002,6.91,14.5,3.48,37.6,499.73,32.63,1.38,0.40557,XRD;UV_VIS;ELECTRICAL
P7-SYNTH-033,P7-SYNTH-033-S01,GROUP_A,COMPLETED,Glass,314.0,0.1825,12.07,11.9,2.87,19.4,84.89,18.95,1.483,0.09143,XRD;UV_VIS;FTIR;ELECTRICAL
P7-SYNTH-034,P7-SYNTH-034-S01,GROUP_A,COMPLETED,ITO Glass,333.4,0.4236,29.29,43.0,3.57,15.8,244.77,17.61,1.523,0.66628,XRD;UV_VIS;FTIR;ELECTRICAL
P7-SYNTH-035,P7-SYNTH-035-S01,GROUP_A,COMPLETED,Glass,387.2,0.3463,12.73,19.8,3.34,28.4,580.61,28.1,1.381,0.62164,XRD;UV_VIS;FTIR;ELECTRICAL
P7-SYNTH-036,P7-SYNTH-036-S01,GROUP_A,COMPLETED,ITO Glass,293.9,0.3098,18.22,29.3,3.64,27.0,303.36,16.7,1.5,0.50177,XRD;ELECTRICAL
P7-SYNTH-037,P7-SYNTH-037-S01,GROUP_A,COMPLETED,FTO Glass,383.0,0.4229,5.8,32.1,4.97,34.0,577.1,27.94,1.423,0.82394,XRD;ELECTRICAL
P7-SYNTH-038,P7-SYNTH-038-S01,GROUP_A,FAILED,Glass,320.6,0.0858,23.23,17.3,6.71,26.0,261.58,16.97,1.514,0.37255,XRD
P7-SYNTH-039,P7-SYNTH-039-S01,GROUP_A,COMPLETED,FTO Glass,390.8,0.0923,11.41,12.7,3.71,36.5,190.07,25.36,1.421,0.5874,XRD;UV_VIS;ELECTRICAL
P7-SYNTH-040,P7-SYNTH-040-S01,GROUP_A,COMPLETED,Glass,249.4,0.1139,26.83,33.6,5.74,24.9,118.91,10.94,1.709,0.03934,XRD;FTIR;ELECTRICAL
P7-SYNTH-041,P7-SYNTH-041-S01,GROUP_A,COMPLETED,ITO Glass,292.5,0.4158,8.46,30.2,3.82,31.1,535.27,17.6,1.495,0.46231,XRD;ELECTRICAL
P7-SYNTH-042,P7-SYNTH-042-S01,GROUP_A,COMPLETED,Glass,422.6,0.154,8.77,40.2,4.61,22.7,130.09,27.67,1.364,0.18664,XRD;UV_VIS;FTIR;ELECTRICAL
P7-SYNTH-043,P7-SYNTH-043-S01,GROUP_A,COMPLETED,FTO Glass,397.7,0.3218,18.57,33.0,5.87,39.1,778.96,25.74,1.423,0.85922,XRD;UV_VIS;FTIR;ELECTRICAL
P7-SYNTH-044,P7-SYNTH-044-S01,GROUP_A,COMPLETED,Glass,226.7,0.1991,22.57,13.3,3.67,15.5,91.83,10.97,1.699,0.02315,XRD;UV_VIS;FTIR;ELECTRICAL
P7-SYNTH-045,P7-SYNTH-045-S01,GROUP_A,COMPLETED,ITO Glass,377.6,0.1792,15.49,43.1,6.34,17.5,204.28,23.35,1.444,0.74764,XRD;UV_VIS;ELECTRICAL
P7-SYNTH-046,P7-SYNTH-046-S01,GROUP_A,COMPLETED,Glass,415.0,0.2064,6.15,17.1,5.18,19.4,321.3,30.29,1.394,0.40377,XRD;ELECTRICAL
P7-SYNTH-047,P7-SYNTH-047-S01,GROUP_A,COMPLETED,Glass,325.0,0.2373,23.28,21.2,3.38,12.6,90.56,18.76,1.487,0.09854,XRD;UV_VIS;FTIR;ELECTRICAL
P7-SYNTH-048,P7-SYNTH-048-S01,GROUP_A,COMPLETED,Glass,336.5,0.1371,10.87,27.4,3.41,31.9,207.12,20.21,1.461,0.42417,XRD;UV_VIS;ELECTRICAL
P7-SYNTH-049,P7-SYNTH-049-S01,GROUP_A,COMPLETED,Glass,262.5,0.4086,8.33,19.5,6.71,25.5,427.41,15.54,1.549,0.15756,XRD;ELECTRICAL
P7-SYNTH-050,P7-SYNTH-050-S01,GROUP_A,COMPLETED,FTO Glass,365.7,0.4055,26.86,17.6,3.81,18.3,199.8,22.16,1.45,0.8015,XRD;UV_VIS;FTIR;ELECTRICAL
P7-SYNTH-051,P7-SYNTH-051-S01,GROUP_B,COMPLETED,Glass,174.0,0.3696,14.83,21.3,4.15,25.7,90.65,10.55,1.721,0.01604,XRD;ELECTRICAL
P7-SYNTH-052,P7-SYNTH-052-S01,GROUP_B,COMPLETED,FTO Glass,189.0,0.1004,15.72,21.1,4.18,27.6,70.0,10.5,1.707,0.02353,XRD;UV_VIS;FTIR;ELECTRICAL
P7-SYNTH-053,P7-SYNTH-053-S01,GROUP_B,COMPLETED,Glass,183.6,0.1118,16.01,20.7,4.08,25.8,70.0,10.5,1.701,0.01586,XRD;UV_VIS;FTIR;ELECTRICAL
P7-SYNTH-054,P7-SYNTH-054-S01,GROUP_B,COMPLETED,Glass,191.8,0.0988,14.76,17.7,3.94,25.4,70.0,10.5,1.717,0.01613,XRD;UV_VIS;FTIR;ELECTRICAL
P7-SYNTH-055,P7-SYNTH-055-S01,GROUP_B,COMPLETED,Glass,201.7,0.1963,16.0,21.0,3.99,26.2,85.57,10.5,1.711,0.01592,XRD;UV_VIS;FTIR;ELECTRICAL
P7-SYNTH-056,P7-SYNTH-056-S01,GROUP_B,COMPLETED,FTO Glass,200.4,0.2021,12.61,19.5,4.07,25.0,83.58,11.0,1.687,0.02505,XRD;UV_VIS;FTIR;ELECTRICAL
P7-SYNTH-057,P7-SYNTH-057-S01,GROUP_B,COMPLETED,Glass,203.7,0.2251,15.01,18.7,3.88,24.6,91.4,10.5,1.696,0.01637,XRD;UV_VIS;FTIR;ELECTRICAL
P7-SYNTH-058,P7-SYNTH-058-S01,GROUP_B,COMPLETED,Glass,212.2,0.1221,13.74,22.4,3.8,24.7,70.0,11.28,1.679,0.01632,XRD;UV_VIS;FTIR;ELECTRICAL
P7-SYNTH-059,P7-SYNTH-059-S01,GROUP_B,COMPLETED,Glass,218.4,0.2095,14.51,19.9,4.15,26.2,130.52,11.41,1.678,0.01864,XRD;ELECTRICAL
P7-SYNTH-060,P7-SYNTH-060-S01,GROUP_B,COMPLETED,FTO Glass,214.7,0.3498,15.38,20.3,4.02,26.0,198.84,11.74,1.656,0.03047,XRD;UV_VIS;ELECTRICAL
P7-SYNTH-061,P7-SYNTH-061-S01,GROUP_B,COMPLETED,Glass,225.3,0.3711,14.07,19.7,3.86,25.8,241.44,12.73,1.619,0.06567,XRD;UV_VIS;FTIR;ELECTRICAL
P7-SYNTH-062,P7-SYNTH-062-S01,GROUP_B,COMPLETED,Glass,224.9,0.3316,15.44,19.2,4.11,24.5,209.15,12.24,1.655,0.06924,XRD;UV_VIS;FTIR;ELECTRICAL
P7-SYNTH-063,P7-SYNTH-063-S01,GROUP_B,COMPLETED,Glass,230.1,0.3526,15.19,17.5,3.97,25.2,251.7,12.74,1.651,0.0717,XRD;UV_VIS;FTIR;ELECTRICAL
P7-SYNTH-064,P7-SYNTH-064-S01,GROUP_B,COMPLETED,FTO Glass,233.9,0.3566,13.77,21.3,4.18,24.8,249.27,12.74,1.633,0.12608,XRD;UV_VIS;ELECTRICAL
P7-SYNTH-065,P7-SYNTH-065-S01,GROUP_B,COMPLETED,Glass,238.4,0.1991,14.94,19.1,4.24,23.8,146.9,12.04,1.649,0.06218,XRD;UV_VIS;ELECTRICAL
P7-SYNTH-066,P7-SYNTH-066-S01,GROUP_B,COMPLETED,Glass,240.0,0.0906,13.71,20.5,4.36,25.3,70.0,12.07,1.649,0.02608,XRD;ELECTRICAL
P7-SYNTH-067,P7-SYNTH-067-S01,GROUP_B,COMPLETED,Glass,250.9,0.1063,14.45,18.1,3.89,25.0,84.65,12.84,1.599,0.03102,XRD;FTIR;ELECTRICAL
P7-SYNTH-068,P7-SYNTH-068-S01,GROUP_B,COMPLETED,FTO Glass,252.5,0.1885,16.0,20.6,4.15,26.0,168.24,13.66,1.616,0.13795,XRD;UV_VIS;FTIR;ELECTRICAL
P7-SYNTH-069,P7-SYNTH-069-S01,GROUP_B,COMPLETED,Glass,257.2,0.1021,14.88,21.7,3.76,24.9,82.0,12.71,1.613,0.03054,XRD;UV_VIS;FTIR;ELECTRICAL
P7-SYNTH-070,P7-SYNTH-070-S01,GROUP_B,COMPLETED,Glass,259.2,0.1724,15.91,20.6,4.16,27.0,153.02,13.67,1.573,0.09895,XRD;ELECTRICAL
P7-SYNTH-071,P7-SYNTH-071-S01,GROUP_B,COMPLETED,Glass,266.9,0.3447,14.92,20.5,3.67,24.3,271.9,15.26,1.569,0.19524,XRD;UV_VIS;FTIR;ELECTRICAL
P7-SYNTH-072,P7-SYNTH-072-S01,GROUP_B,COMPLETED,FTO Glass,272.5,0.0958,15.4,21.7,3.88,23.8,90.83,14.22,1.588,0.06297,XRD;UV_VIS;ELECTRICAL
P7-SYNTH-073,P7-SYNTH-073-S01,GROUP_B,COMPLETED,Glass,278.0,0.2077,16.66,20.4,4.06,23.7,187.52,15.21,1.554,0.19418,XRD;UV_VIS;FTIR;ELECTRICAL
P7-SYNTH-074,P7-SYNTH-074-S01,GROUP_B,COMPLETED,Glass,281.1,0.0872,15.67,21.3,4.23,26.0,97.67,14.4,1.579,0.06348,XRD;UV_VIS;FTIR;ELECTRICAL
P7-SYNTH-075,P7-SYNTH-075-S01,GROUP_B,COMPLETED,Glass,282.9,0.3422,13.65,19.4,3.58,26.3,323.88,17.6,1.53,0.27633,XRD;UV_VIS;FTIR;ELECTRICAL
P7-SYNTH-076,P7-SYNTH-076-S01,GROUP_B,COMPLETED,FTO Glass,289.0,0.0982,13.23,20.5,4.12,26.3,107.6,15.29,1.534,0.10987,XRD;UV_VIS;FTIR;ELECTRICAL
P7-SYNTH-077,P7-SYNTH-077-S01,GROUP_B,COMPLETED,Glass,292.9,0.1063,16.54,20.5,3.83,23.9,102.51,15.29,1.557,0.08019,XRD;UV_VIS;ELECTRICAL
P7-SYNTH-078,P7-SYNTH-078-S01,GROUP_B,COMPLETED,Glass,297.6,0.209,15.14,21.3,4.15,27.2,256.35,17.37,1.513,0.2803,XRD;UV_VIS;FTIR;ELECTRICAL
P7-SYNTH-079,P7-SYNTH-079-S01,GROUP_B,FAILED,Glass,302.1,0.1091,14.21,18.6,4.1,24.6,131.91,16.87,1.53,0.14841,
P7-SYNTH-080,P7-SYNTH-080-S01,GROUP_B,COMPLETED,FTO Glass,311.5,0.1834,16.73,21.7,4.32,26.3,256.28,18.74,1.498,0.52896,XRD;FTIR;ELECTRICAL
P7-SYNTH-081,P7-SYNTH-081-S01,GROUP_B,COMPLETED,Glass,307.5,0.1955,16.09,22.1,4.11,26.0,238.16,17.38,1.506,0.33859,XRD;UV_VIS;ELECTRICAL
P7-SYNTH-082,P7-SYNTH-082-S01,GROUP_B,COMPLETED,Glass,316.7,0.207,14.62,18.7,4.26,24.6,248.01,20.35,1.479,0.40183,XRD;UV_VIS;FTIR;ELECTRICAL
P7-SYNTH-083,P7-SYNTH-083-S01,GROUP_B,COMPLETED,Glass,318.9,0.1937,14.73,20.0,3.87,25.2,242.76,18.8,1.529,0.45322,XRD;UV_VIS;FTIR;ELECTRICAL
P7-SYNTH-084,P7-SYNTH-084-S01,GROUP_B,COMPLETED,FTO Glass,321.7,0.0948,16.0,19.9,4.03,25.0,110.72,17.95,1.491,0.18236,XRD;FTIR;ELECTRICAL
P7-SYNTH-085,P7-SYNTH-085-S01,GROUP_B,COMPLETED,Glass,326.6,0.3518,15.54,18.4,4.02,25.0,414.25,21.53,1.472,0.60546,XRD;UV_VIS;FTIR;ELECTRICAL
P7-SYNTH-086,P7-SYNTH-086-S01,GROUP_B,COMPLETED,Glass,333.1,0.2141,15.27,17.3,3.99,26.4,294.86,20.87,1.477,0.48067,XRD;UV_VIS;FTIR;ELECTRICAL
P7-SYNTH-087,P7-SYNTH-087-S01,GROUP_B,COMPLETED,Glass,336.1,0.3484,16.27,23.6,3.9,25.8,432.11,21.28,1.469,0.63553,XRD;UV_VIS;FTIR;ELECTRICAL
P7-SYNTH-088,P7-SYNTH-088-S01,GROUP_B,COMPLETED,FTO Glass,336.8,0.1995,15.67,20.8,4.01,25.0,235.76,20.08,1.461,0.74918,XRD;UV_VIS;FTIR;ELECTRICAL
P7-SYNTH-089,P7-SYNTH-089-S01,GROUP_B,COMPLETED,Glass,345.1,0.1851,15.94,18.8,3.84,26.1,221.33,21.85,1.472,0.4758,XRD;UV_VIS;FTIR;ELECTRICAL
P7-SYNTH-090,P7-SYNTH-090-S01,GROUP_B,COMPLETED,Glass,351.3,0.1847,15.34,19.5,4.17,25.4,257.76,22.24,1.452,0.51293,XRD;UV_VIS;FTIR;ELECTRICAL
P7-SYNTH-091,P7-SYNTH-091-S01,GROUP_B,COMPLETED,Glass,351.1,0.3337,15.96,16.8,3.66,26.0,432.31,23.88,1.447,0.6812,XRD;UV_VIS;FTIR;ELECTRICAL
P7-SYNTH-092,P7-SYNTH-092-S01,GROUP_B,COMPLETED,FTO Glass,358.3,0.3558,15.28,18.5,3.92,24.2,432.6,24.53,1.456,0.9277,XRD;UV_VIS;FTIR;ELECTRICAL
P7-SYNTH-093,P7-SYNTH-093-S01,GROUP_B,COMPLETED,Glass,367.5,0.355,14.01,23.1,3.97,27.0,492.77,25.98,1.427,0.71592,XRD;UV_VIS;ELECTRICAL
P7-SYNTH-094,P7-SYNTH-094-S01,GROUP_B,COMPLETED,Glass,365.5,0.1051,16.55,19.0,4.06,24.6,127.36,22.15,1.478,0.23893,XRD;UV_VIS;ELECTRICAL
P7-SYNTH-095,P7-SYNTH-095-S01,GROUP_B,COMPLETED,Glass,371.4,0.3644,15.98,22.2,4.13,24.7,439.29,25.14,1.444,0.75797,XRD;UV_VIS;ELECTRICAL
P7-SYNTH-096,P7-SYNTH-096-S01,GROUP_B,COMPLETED,FTO Glass,378.7,0.1952,15.35,20.2,3.94,24.7,247.3,24.54,1.42,0.87149,XRD;UV_VIS;FTIR;ELECTRICAL
P7-SYNTH-097,P7-SYNTH-097-S01,GROUP_B,COMPLETED,Glass,380.8,0.1075,14.41,19.6,4.15,25.5,144.93,24.35,1.424,0.28917,XRD;UV_VIS;FTIR;ELECTRICAL
P7-SYNTH-098,P7-SYNTH-098-S01,GROUP_B,COMPLETED,Glass,385.0,0.3473,14.18,21.8,3.76,26.0,433.49,27.36,1.41,0.6218,XRD;UV_VIS;FTIR;ELECTRICAL
P7-SYNTH-099,P7-SYNTH-099-S01,GROUP_B,COMPLETED,Glass,390.4,0.175,14.38,21.2,3.93,23.8,225.09,25.25,1.438,0.55519,XRD;UV_VIS;FTIR;ELECTRICAL
P7-SYNTH-100,P7-SYNTH-100-S01,GROUP_B,COMPLETED,FTO Glass,391.5,0.3368,15.43,22.9,4.02,24.1,390.61,27.18,1.394,0.90451,XRD;UV_VIS;ELECTRICAL
P7-SYNTH-101,P7-SYNTH-101-S01,GROUP_B,COMPLETED,Glass,398.5,0.1943,14.12,18.2,4.17,24.6,235.86,25.98,1.405,0.50542,XRD;FTIR;ELECTRICAL
P7-SYNTH-102,P7-SYNTH-102-S01,GROUP_B,COMPLETED,Glass,411.2,0.1922,12.67,17.9,3.81,23.6,205.92,27.85,1.409,0.40733,XRD;UV_VIS;FTIR;ELECTRICAL
P7-SYNTH-103,P7-SYNTH-103-S01,GROUP_B,COMPLETED,Glass,408.7,0.0994,14.66,22.5,4.23,23.2,123.09,25.41,1.422,0.17132,XRD;UV_VIS;FTIR;ELECTRICAL
P7-SYNTH-104,P7-SYNTH-104-S01,GROUP_B,COMPLETED,FTO Glass,413.1,0.2188,12.86,23.2,4.19,24.7,281.69,28.02,1.416,0.62859,XRD;FTIR;ELECTRICAL
P7-SYNTH-105,P7-SYNTH-105-S01,GROUP_B,COMPLETED,Glass,415.7,0.3443,14.49,18.9,4.15,23.4,433.22,30.24,1.39,0.54031,XRD;UV_VIS;FTIR;ELECTRICAL
P7-SYNTH-106,P7-SYNTH-106-S01,GROUP_B,COMPLETED,Glass,415.0,0.1834,16.4,19.6,4.01,24.9,263.2,26.02,1.39,0.43801,XRD;UV_VIS;FTIR;ELECTRICAL
P7-SYNTH-107,P7-SYNTH-107-S01,GROUP_B,COMPLETED,Glass,427.5,0.3621,14.64,21.1,3.91,24.5,462.96,29.87,1.398,0.44903,XRD;ELECTRICAL
P7-SYNTH-108,P7-SYNTH-108-S01,GROUP_B,COMPLETED,FTO Glass,432.9,0.3459,14.15,20.9,3.84,25.7,453.08,31.07,1.397,0.52233,XRD;UV_VIS;ELECTRICAL
P7-SYNTH-109,P7-SYNTH-109-S01,GROUP_B,COMPLETED,Glass,432.3,0.1979,15.33,18.4,4.24,23.9,241.75,28.64,1.398,0.34908,XRD;ELECTRICAL
P7-SYNTH-110,P7-SYNTH-110-S01,GROUP_B,COMPLETED,Glass,430.8,0.3673,16.22,20.8,3.88,26.6,545.94,29.43,1.39,0.44287,ELECTRICAL
P7-SYNTH-111,P7-SYNTH-111-S01,GROUP_B,COMPLETED,Glass,445.2,0.0941,15.32,21.1,3.89,23.6,110.67,27.66,1.378,0.09041,XRD;UV_VIS;FTIR;ELECTRICAL
P7-SYNTH-112,P7-SYNTH-112-S01,GROUP_B,COMPLETED,FTO Glass,442.7,0.1924,15.38,18.0,4.05,24.7,241.63,28.98,1.38,0.47023,ELECTRICAL
P7-SYNTH-113,P7-SYNTH-113-S01,GROUP_B,COMPLETED,Glass,447.2,0.1045,15.31,17.1,3.72,25.8,124.15,26.94,1.401,0.11113,XRD;UV_VIS;ELECTRICAL
P7-SYNTH-114,P7-SYNTH-114-S01,GROUP_B,FAILED,Glass,459.6,0.3602,15.07,18.8,3.95,24.6,473.12,31.39,1.382,0.26154,XRD
P7-SYNTH-115,P7-SYNTH-115-S01,GROUP_B,COMPLETED,Glass,457.3,0.0891,14.07,17.8,4.01,25.3,119.3,27.55,1.418,0.08982,XRD;UV_VIS;FTIR;ELECTRICAL
P7-SYNTH-116,P7-SYNTH-116-S01,GROUP_B,COMPLETED,FTO Glass,462.8,0.0925,14.04,22.2,4.42,25.4,135.44,27.89,1.373,0.15252,XRD;UV_VIS;FTIR;ELECTRICAL
P7-SYNTH-117,P7-SYNTH-117-S01,GROUP_B,COMPLETED,Glass,471.8,0.2038,14.84,18.8,3.95,25.9,268.75,30.1,1.369,0.1911,XRD;UV_VIS;FTIR;ELECTRICAL
P7-SYNTH-118,P7-SYNTH-118-S01,GROUP_B,COMPLETED,Glass,471.2,0.2019,16.66,19.9,4.03,25.3,270.81,29.38,1.366,0.1923,XRD;UV_VIS;FTIR;ELECTRICAL
P7-SYNTH-119,P7-SYNTH-119-S01,GROUP_B,COMPLETED,Glass,477.3,0.1889,15.97,19.0,4.11,25.8,273.5,29.63,1.372,0.15064,XRD;UV_VIS;ELECTRICAL
P7-SYNTH-120,P7-SYNTH-120-S01,GROUP_B,COMPLETED,FTO Glass,476.5,0.3481,15.75,19.6,4.28,24.1,463.42,31.73,1.365,0.23885,XRD;FTIR;ELECTRICAL
P7-SYNTH-121,P7-SYNTH-121-S01,GROUP_C,COMPLETED,Glass,375.5,0.19,0.2,17.9,3.91,23.9,238.34,27.97,1.44,0.20354,XRD;UV_VIS;FTIR;ELECTRICAL
P7-SYNTH-122,P7-SYNTH-122-S01,GROUP_C,COMPLETED,Glass,366.3,0.1975,1.28,51.2,4.94,24.2,292.04,24.39,1.415,0.27451,XRD;UV_VIS;FTIR;ELECTRICAL
P7-SYNTH-123,P7-SYNTH-123-S01,GROUP_C,COMPLETED,FTO Glass,376.1,0.1926,2.04,35.7,4.32,25.7,284.55,25.67,1.395,0.45019,XRD;UV_VIS;FTIR;ELECTRICAL
P7-SYNTH-124,P7-SYNTH-124-S01,GROUP_C,COMPLETED,Glass,351.2,0.2035,1.29,32.2,4.88,24.7,332.36,24.27,1.408,0.27902,XRD;UV_VIS;FTIR;ELECTRICAL
P7-SYNTH-125,P7-SYNTH-125-S01,GROUP_C,COMPLETED,Glass,351.8,0.1919,3.7,54.9,4.7,25.1,307.29,24.16,1.446,0.40082,XRD;UV_VIS;FTIR;ELECTRICAL
P7-SYNTH-126,P7-SYNTH-126-S01,GROUP_C,COMPLETED,FTO Glass,359.7,0.2024,3.68,54.1,4.51,27.2,290.01,24.46,1.416,0.56242,XRD;UV_VIS;FTIR;ELECTRICAL
P7-SYNTH-127,P7-SYNTH-127-S01,GROUP_C,COMPLETED,Glass,361.4,0.2082,4.8,13.4,4.36,24.2,249.97,26.21,1.453,0.39382,XRD;UV_VIS;ELECTRICAL
P7-SYNTH-128,P7-SYNTH-128-S01,GROUP_C,COMPLETED,Glass,364.2,0.2012,5.75,30.5,4.46,24.2,268.22,25.01,1.434,0.39852,XRD;UV_VIS;FTIR;ELECTRICAL
P7-SYNTH-129,P7-SYNTH-129-S01,GROUP_C,COMPLETED,FTO Glass,346.1,0.1913,4.81,6.4,4.56,24.4,257.58,23.97,1.43,0.55763,XRD;UV_VIS;FTIR;ELECTRICAL
P7-SYNTH-130,P7-SYNTH-130-S01,GROUP_C,COMPLETED,Glass,359.5,0.1871,5.39,10.3,4.47,25.1,258.44,25.14,1.427,0.41302,XRD;UV_VIS;FTIR;ELECTRICAL
P7-SYNTH-131,P7-SYNTH-131-S01,GROUP_C,COMPLETED,Glass,367.9,0.2143,5.79,21.6,4.25,24.7,270.57,26.35,1.432,0.45713,XRD;UV_VIS;FTIR;ELECTRICAL
P7-SYNTH-132,P7-SYNTH-132-S01,GROUP_C,COMPLETED,FTO Glass,361.6,0.2075,7.45,11.9,4.44,26.0,278.93,25.55,1.419,0.69275,XRD;UV_VIS;FTIR;ELECTRICAL
P7-SYNTH-133,P7-SYNTH-133-S01,GROUP_C,COMPLETED,Glass,349.4,0.2096,8.07,52.4,4.7,27.1,332.48,21.9,1.459,0.48482,ELECTRICAL
P7-SYNTH-134,P7-SYNTH-134-S01,GROUP_C,COMPLETED,Glass,370.5,0.2074,8.46,18.1,4.2,25.4,285.61,25.45,1.408,0.57525,XRD;UV_VIS;FTIR;ELECTRICAL
P7-SYNTH-135,P7-SYNTH-135-S01,GROUP_C,COMPLETED,FTO Glass,365.1,0.1979,8.45,27.7,4.54,24.6,278.61,24.47,1.426,0.84596,XRD;UV_VIS;FTIR;ELECTRICAL
P7-SYNTH-136,P7-SYNTH-136-S01,GROUP_C,COMPLETED,Glass,362.3,0.2028,9.0,25.6,4.46,25.7,272.18,24.39,1.434,0.55693,XRD;UV_VIS;FTIR;ELECTRICAL
P7-SYNTH-137,P7-SYNTH-137-S01,GROUP_C,COMPLETED,Glass,359.4,0.1818,10.36,6.5,4.4,26.6,278.44,24.88,1.412,0.57021,XRD;UV_VIS;FTIR;ELECTRICAL
P7-SYNTH-138,P7-SYNTH-138-S01,GROUP_C,COMPLETED,FTO Glass,364.6,0.2134,10.55,17.8,4.14,25.6,287.84,24.92,1.423,0.75423,XRD;UV_VIS;FTIR;ELECTRICAL
P7-SYNTH-139,P7-SYNTH-139-S01,GROUP_C,COMPLETED,Glass,366.1,0.2076,12.13,22.7,4.29,24.8,278.99,24.58,1.444,0.58789,XRD;UV_VIS;FTIR;ELECTRICAL
P7-SYNTH-140,P7-SYNTH-140-S01,GROUP_C,COMPLETED,Glass,356.5,0.2002,12.12,15.7,4.66,24.8,267.57,23.79,1.429,0.70843,XRD;UV_VIS;FTIR;ELECTRICAL
P7-SYNTH-141,P7-SYNTH-141-S01,GROUP_C,COMPLETED,FTO Glass,358.2,0.2083,11.6,21.2,4.71,25.1,313.1,22.88,1.448,0.8347,XRD;UV_VIS;FTIR;ELECTRICAL
P7-SYNTH-142,P7-SYNTH-142-S01,GROUP_C,COMPLETED,Glass,366.2,0.1932,11.88,47.1,3.7,24.0,199.66,23.41,1.442,0.48538,XRD;UV_VIS;FTIR;ELECTRICAL
P7-SYNTH-143,P7-SYNTH-143-S01,GROUP_C,COMPLETED,Glass,367.7,0.1989,13.33,6.6,4.64,25.0,334.02,25.17,1.45,0.59885,XRD;UV_VIS;FTIR;ELECTRICAL
P7-SYNTH-144,P7-SYNTH-144-S01,GROUP_C,COMPLETED,FTO Glass,360.3,0.1991,14.11,11.2,4.64,25.5,300.01,23.89,1.45,0.89048,XRD;UV_VIS;FTIR;ELECTRICAL
P7-SYNTH-145,P7-SYNTH-145-S01,GROUP_C,COMPLETED,Glass,345.2,0.2023,15.33,32.0,4.86,25.0,277.79,20.5,1.457,0.62442,XRD;UV_VIS;FTIR;ELECTRICAL
P7-SYNTH-146,P7-SYNTH-146-S01,GROUP_C,COMPLETED,Glass,361.5,0.2059,14.99,48.6,4.76,24.8,350.0,22.69,1.45,0.6018,ELECTRICAL
P7-SYNTH-147,P7-SYNTH-147-S01,GROUP_C,COMPLETED,FTO Glass,344.1,0.1979,15.34,39.6,4.81,23.1,292.16,20.22,1.471,0.83016,XRD;UV_VIS;FTIR;ELECTRICAL
P7-SYNTH-148,P7-SYNTH-148-S01,GROUP_C,COMPLETED,Glass,362.7,0.1982,15.21,14.9,4.08,25.4,263.79,23.48,1.458,0.63212,XRD;UV_VIS;FTIR;ELECTRICAL
P7-SYNTH-149,P7-SYNTH-149-S01,GROUP_C,COMPLETED,Glass,368.3,0.1969,16.98,23.8,5.08,24.2,331.18,23.26,1.434,0.67483,XRD;ELECTRICAL
P7-SYNTH-150,P7-SYNTH-150-S01,GROUP_C,COMPLETED,FTO Glass,359.6,0.2043,18.24,20.4,4.46,24.9,269.08,22.71,1.453,0.852,XRD;UV_VIS;FTIR;ELECTRICAL
P7-SYNTH-151,P7-SYNTH-151-S01,GROUP_C,COMPLETED,Glass,356.0,0.199,17.77,31.0,3.82,25.5,244.44,21.45,1.445,0.63456,XRD;UV_VIS;FTIR;ELECTRICAL
P7-SYNTH-152,P7-SYNTH-152-S01,GROUP_C,COMPLETED,Glass,355.1,0.1804,17.95,31.4,4.51,25.6,262.57,20.65,1.471,0.60383,XRD;UV_VIS;FTIR;ELECTRICAL
P7-SYNTH-153,P7-SYNTH-153-S01,GROUP_C,COMPLETED,FTO Glass,363.4,0.2087,19.16,38.0,4.2,24.6,255.42,21.57,1.472,0.93058,XRD;UV_VIS;FTIR;ELECTRICAL
P7-SYNTH-154,P7-SYNTH-154-S01,GROUP_C,COMPLETED,Glass,370.0,0.1993,18.9,26.8,4.03,25.1,258.55,22.68,1.482,0.56023,XRD;UV_VIS;FTIR;ELECTRICAL
P7-SYNTH-155,P7-SYNTH-155-S01,GROUP_C,COMPLETED,Glass,352.9,0.1955,19.5,39.9,4.2,23.3,227.03,20.68,1.491,0.56562,XRD;UV_VIS;FTIR;ELECTRICAL
P7-SYNTH-156,P7-SYNTH-156-S01,GROUP_C,COMPLETED,FTO Glass,344.9,0.1937,20.5,25.2,4.07,26.9,243.76,20.82,1.487,0.65312,XRD;UV_VIS;FTIR;ELECTRICAL
P7-SYNTH-157,P7-SYNTH-157-S01,GROUP_C,COMPLETED,Glass,357.0,0.1832,20.66,11.7,4.73,26.5,265.43,21.83,1.5,0.5293,XRD;UV_VIS;FTIR;ELECTRICAL
P7-SYNTH-158,P7-SYNTH-158-S01,GROUP_C,COMPLETED,Glass,348.5,0.1994,21.66,19.8,4.54,25.1,266.43,20.47,1.488,0.54091,XRD;UV_VIS;FTIR;ELECTRICAL
P7-SYNTH-159,P7-SYNTH-159-S01,GROUP_C,COMPLETED,FTO Glass,360.3,0.1891,22.95,37.0,4.43,23.5,265.83,21.02,1.493,0.7845,XRD;UV_VIS;FTIR;ELECTRICAL
P7-SYNTH-160,P7-SYNTH-160-S01,GROUP_C,COMPLETED,Glass,379.7,0.1958,23.39,30.5,5.25,28.2,377.79,23.13,1.458,0.6145,XRD;UV_VIS;FTIR;ELECTRICAL
P7-SYNTH-161,P7-SYNTH-161-S01,GROUP_C,COMPLETED,Glass,342.5,0.1948,23.89,13.8,4.8,25.4,311.2,19.8,1.496,0.52758,XRD;UV_VIS;FTIR;ELECTRICAL
P7-SYNTH-162,P7-SYNTH-162-S01,GROUP_C,COMPLETED,FTO Glass,378.7,0.2111,23.71,53.5,4.12,25.9,306.85,21.8,1.435,0.8593,XRD;UV_VIS;ELECTRICAL
P7-SYNTH-163,P7-SYNTH-163-S01,GROUP_C,COMPLETED,Glass,356.0,0.1888,24.75,38.8,4.63,23.3,257.72,19.45,1.476,0.53717,XRD;UV_VIS;FTIR;ELECTRICAL
P7-SYNTH-164,P7-SYNTH-164-S01,GROUP_C,COMPLETED,Glass,369.7,0.182,25.97,14.4,4.1,25.5,254.39,21.85,1.455,0.47796,XRD;UV_VIS;FTIR;ELECTRICAL
P7-SYNTH-165,P7-SYNTH-165-S01,GROUP_C,COMPLETED,FTO Glass,366.9,0.1955,24.6,20.1,4.45,25.3,275.86,21.94,1.43,0.76685,XRD;FTIR;ELECTRICAL
P7-SYNTH-166,P7-SYNTH-166-S01,GROUP_C,COMPLETED,Glass,356.6,0.2017,25.94,40.0,4.25,25.9,279.02,19.53,1.495,0.53939,XRD;UV_VIS;ELECTRICAL
P7-SYNTH-167,P7-SYNTH-167-S01,GROUP_C,COMPLETED,Glass,342.7,0.1968,26.91,51.9,4.41,24.6,285.86,18.42,1.526,0.48328,XRD;UV_VIS;FTIR;ELECTRICAL
P7-SYNTH-168,P7-SYNTH-168-S01,GROUP_C,COMPLETED,FTO Glass,370.1,0.1902,26.84,53.7,4.45,24.4,243.43,20.73,1.479,0.83548,XRD;UV_VIS;FTIR;ELECTRICAL
P7-SYNTH-169,P7-SYNTH-169-S01,GROUP_C,COMPLETED,Glass,352.3,0.217,28.29,7.9,4.44,25.7,304.99,21.22,1.478,0.56982,XRD;ELECTRICAL
P7-SYNTH-170,P7-SYNTH-170-S01,GROUP_C,COMPLETED,Glass,360.7,0.1991,28.46,23.8,4.93,25.7,326.57,20.7,1.49,0.50871,XRD;UV_VIS;FTIR;ELECTRICAL
P7-SYNTH-171,P7-SYNTH-171-S01,GROUP_C,COMPLETED,FTO Glass,364.0,0.1893,29.31,28.7,4.53,23.7,269.04,20.93,1.492,0.78332,XRD;UV_VIS;FTIR;ELECTRICAL
P7-SYNTH-172,P7-SYNTH-172-S01,GROUP_C,COMPLETED,Glass,360.5,0.201,30.08,50.6,4.1,24.5,263.4,19.39,1.502,0.52031,XRD;UV_VIS;FTIR;ELECTRICAL
P7-SYNTH-173,P7-SYNTH-173-S01,GROUP_C,COMPLETED,Glass,362.7,0.2012,30.47,29.6,4.77,24.2,288.33,20.24,1.473,0.49154,XRD;UV_VIS;FTIR;ELECTRICAL
P7-SYNTH-174,P7-SYNTH-174-S01,GROUP_C,COMPLETED,FTO Glass,362.9,0.1983,30.16,54.9,4.82,25.0,288.2,19.62,1.497,0.83449,XRD;ELECTRICAL
P7-SYNTH-175,P7-SYNTH-175-S01,GROUP_C,COMPLETED,Glass,358.2,0.205,32.29,41.5,4.3,23.5,282.16,18.6,1.508,0.46726,XRD;UV_VIS;FTIR;ELECTRICAL
P7-SYNTH-176,P7-SYNTH-176-S01,GROUP_C,COMPLETED,Glass,369.2,0.2073,32.13,11.6,4.27,24.5,272.82,21.04,1.484,0.5256,XRD;UV_VIS;ELECTRICAL
P7-SYNTH-177,P7-SYNTH-177-S01,GROUP_C,COMPLETED,FTO Glass,357.0,0.2049,31.5,28.2,3.95,23.5,206.28,19.27,1.495,0.5529,XRD;ELECTRICAL
P7-SYNTH-178,P7-SYNTH-178-S01,GROUP_C,COMPLETED,Glass,358.4,0.1927,33.31,44.1,4.39,24.0,277.09,18.57,1.54,0.49818,XRD;FTIR;ELECTRICAL
P7-SYNTH-179,P7-SYNTH-179-S01,GROUP_C,COMPLETED,Glass,356.6,0.1936,33.05,51.4,4.57,25.1,261.95,18.53,1.498,0.4426,XRD;UV_VIS;FTIR;ELECTRICAL
P7-SYNTH-180,P7-SYNTH-180-S01,GROUP_C,COMPLETED,FTO Glass,362.3,0.2092,34.29,10.9,4.01,25.3,283.91,20.77,1.485,0.6208,XRD;UV_VIS;FTIR;ELECTRICAL
P7-SYNTH-181,P7-SYNTH-181-S01,GROUP_C,COMPLETED,Glass,354.7,0.2048,34.7,27.7,4.25,23.9,256.69,19.91,1.481,0.49835,XRD;UV_VIS;FTIR;ELECTRICAL
P7-SYNTH-182,P7-SYNTH-182-S01,GROUP_C,COMPLETED,Glass,357.0,0.2225,35.46,13.3,4.8,25.2,306.49,21.08,1.487,0.42767,XRD;UV_VIS;FTIR;ELECTRICAL
P7-SYNTH-183,P7-SYNTH-183-S01,GROUP_C,COMPLETED,FTO Glass,351.0,0.1766,35.28,13.4,4.17,25.4,224.88,19.64,1.536,0.58147,XRD;UV_VIS;FTIR;ELECTRICAL
P7-SYNTH-184,P7-SYNTH-184-S01,GROUP_C,COMPLETED,Glass,355.4,0.2019,35.91,42.4,4.35,25.6,274.95,19.04,1.48,0.45437,XRD;ELECTRICAL
P7-SYNTH-185,P7-SYNTH-185-S01,GROUP_C,FAILED,Glass,367.5,0.1944,37.01,17.5,5.01,24.1,288.09,20.73,1.501,0.47784,
P7-SYNTH-186,P7-SYNTH-186-S01,GROUP_C,COMPLETED,FTO Glass,357.9,0.1976,37.9,20.2,4.79,25.3,278.98,19.54,1.493,0.67233,XRD;UV_VIS;FTIR;ELECTRICAL
P7-SYNTH-187,P7-SYNTH-187-S01,GROUP_C,COMPLETED,Glass,363.4,0.1848,38.42,8.1,4.34,23.4,223.87,21.25,1.498,0.40934,XRD;UV_VIS;FTIR;ELECTRICAL
P7-SYNTH-188,P7-SYNTH-188-S01,GROUP_C,COMPLETED,Glass,364.2,0.2006,38.59,12.4,4.6,24.6,295.46,21.25,1.493,0.43574,XRD;UV_VIS;ELECTRICAL
P7-SYNTH-189,P7-SYNTH-189-S01,GROUP_C,COMPLETED,FTO Glass,363.1,0.1881,38.82,5.0,4.58,24.4,264.16,21.6,1.477,0.66991,XRD;FTIR;ELECTRICAL
P7-SYNTH-190,P7-SYNTH-190-S01,GROUP_C,COMPLETED,Glass,379.6,0.2088,40.33,13.0,4.51,26.3,338.19,22.28,1.441,0.41394,XRD;UV_VIS;FTIR;ELECTRICAL
P7-SYNTH-191,P7-SYNTH-191-S01,GROUP_D,COMPLETED,Glass,359.3,0.2094,16.45,20.7,8.76,33.3,798.07,22.58,1.448,0.64199,XRD;ELECTRICAL
P7-SYNTH-192,P7-SYNTH-192-S01,GROUP_D,COMPLETED,Glass,372.4,0.2318,16.15,19.1,6.72,43.9,917.71,24.54,1.469,0.59504,XRD;ELECTRICAL
P7-SYNTH-193,P7-SYNTH-193-S01,GROUP_D,COMPLETED,ITO Glass,380.6,0.2258,15.29,21.1,5.78,38.9,658.85,25.69,1.446,0.92225,XRD;UV_VIS;FTIR;ELECTRICAL
P7-SYNTH-194,P7-SYNTH-194-S01,GROUP_D,COMPLETED,ITO Glass,364.6,0.2082,16.73,21.6,4.77,38.5,523.05,23.24,1.454,0.95784,ELECTRICAL
P7-SYNTH-195,P7-SYNTH-195-S01,GROUP_D,COMPLETED,Glass,374.7,0.1976,16.04,21.0,3.13,34.4,281.19,24.6,1.433,0.63901,XRD;UV_VIS;FTIR;ELECTRICAL
P7-SYNTH-196,P7-SYNTH-196-S01,GROUP_D,COMPLETED,Glass,361.7,0.2067,16.5,21.0,6.24,9.6,154.71,22.69,1.467,0.35452,XRD;UV_VIS;FTIR;ELECTRICAL
P7-SYNTH-197,P7-SYNTH-197-S01,GROUP_D,COMPLETED,Glass,376.7,0.2237,16.75,22.2,7.99,10.2,189.9,24.41,1.439,0.49845,XRD;UV_VIS;FTIR;ELECTRICAL
P7-SYNTH-198,P7-SYNTH-198-S01,GROUP_D,COMPLETED,Glass,377.8,0.2356,14.82,20.9,5.89,20.5,347.43,25.24,1.416,0.65495,XRD;FTIR;ELECTRICAL
P7-SYNTH-199,P7-SYNTH-199-S01,GROUP_D,COMPLETED,FTO Glass,366.6,0.2302,15.78,23.2,5.71,10.7,170.04,23.47,1.449,0.64725,XRD;UV_VIS;FTIR;ELECTRICAL
P7-SYNTH-200,P7-SYNTH-200-S01,GROUP_D,COMPLETED,Glass,374.3,0.2213,14.85,22.1,5.31,48.5,717.54,24.37,1.45,0.65319,XRD;ELECTRICAL
P7-SYNTH-201,P7-SYNTH-201-S01,GROUP_D,COMPLETED,Silicon,364.4,0.2223,15.87,21.5,5.59,47.1,712.8,23.81,1.434,0.75543,XRD;UV_VIS;FTIR;ELECTRICAL
P7-SYNTH-202,P7-SYNTH-202-S01,GROUP_D,COMPLETED,Glass,372.9,0.2247,16.22,22.5,7.38,28.0,573.73,24.32,1.432,0.62016,XRD;UV_VIS;ELECTRICAL
P7-SYNTH-203,P7-SYNTH-203-S01,GROUP_D,COMPLETED,Glass,381.5,0.2202,15.82,20.8,5.96,46.2,923.51,25.41,1.43,0.67246,XRD;UV_VIS;FTIR;ELECTRICAL
P7-SYNTH-204,P7-SYNTH-204-S01,GROUP_D,COMPLETED,Glass,370.8,0.2161,15.75,21.2,6.28,28.5,474.59,24.22,1.452,0.56656,XRD;UV_VIS;FTIR;ELECTRICAL
P7-SYNTH-205,P7-SYNTH-205-S01,GROUP_D,COMPLETED,FTO Glass,363.6,0.2026,15.34,21.8,7.21,14.8,286.39,23.08,1.462,0.90375,XRD;UV_VIS;ELECTRICAL
P7-SYNTH-206,P7-SYNTH-206-S01,GROUP_D,COMPLETED,Glass,373.2,0.22,15.79,22.6,3.11,52.8,401.37,24.24,1.451,0.6152,XRD;ELECTRICAL
P7-SYNTH-207,P7-SYNTH-207-S01,GROUP_D,COMPLETED,Silicon,372.9,0.2107,14.08,23.6,2.07,46.0,273.91,24.78,1.427,0.70677,XRD;ELECTRICAL
P7-SYNTH-208,P7-SYNTH-208-S01,GROUP_D,COMPLETED,Glass,368.3,0.2287,16.63,23.3,4.88,9.7,144.66,24.06,1.452,0.32555,XRD;UV_VIS;ELECTRICAL
P7-SYNTH-209,P7-SYNTH-209-S01,GROUP_D,COMPLETED,Glass,368.4,0.2204,16.1,21.7,3.55,25.3,259.32,23.73,1.453,0.5712,XRD;UV_VIS;FTIR;ELECTRICAL
P7-SYNTH-210,P7-SYNTH-210-S01,GROUP_D,COMPLETED,Glass,372.1,0.2194,16.9,22.4,2.94,49.8,441.59,23.84,1.449,0.58567,XRD;UV_VIS;FTIR;ELECTRICAL
P7-SYNTH-211,P7-SYNTH-211-S01,GROUP_D,COMPLETED,Glass,366.2,0.2156,15.51,21.7,1.94,13.2,70.0,24.55,1.429,0.08916,XRD;UV_VIS;FTIR;ELECTRICAL
P7-SYNTH-212,P7-SYNTH-212-S01,GROUP_D,COMPLETED,Glass,367.7,0.2084,16.64,23.5,4.46,33.0,390.39,23.96,1.434,0.67462,XRD;UV_VIS;FTIR;ELECTRICAL
P7-SYNTH-213,P7-SYNTH-213-S01,GROUP_D,COMPLETED,ITO Glass,365.1,0.2181,14.72,21.6,3.97,25.8,270.96,24.44,1.429,0.85606,XRD;ELECTRICAL
P7-SYNTH-214,P7-SYNTH-214-S01,GROUP_D,COMPLETED,Glass,367.5,0.2323,15.0,20.7,3.64,43.3,403.89,23.72,1.449,0.56666,XRD;UV_VIS;FTIR;ELECTRICAL
P7-SYNTH-215,P7-SYNTH-215-S01,GROUP_D,COMPLETED,Glass,376.0,0.2218,14.75,23.2,5.7,36.3,595.36,23.26,1.421,0.68327,XRD;UV_VIS;FTIR;ELECTRICAL
P7-SYNTH-216,P7-SYNTH-216-S01,GROUP_D,COMPLETED,Glass,378.8,0.2422,15.88,22.1,5.87,28.3,481.79,25.35,1.406,0.64457,XRD;UV_VIS;FTIR;ELECTRICAL
P7-SYNTH-217,P7-SYNTH-217-S01,GROUP_D,COMPLETED,Glass,371.1,0.2119,17.22,21.1,2.59,31.8,227.6,23.92,1.451,0.60763,XRD;UV_VIS;FTIR;ELECTRICAL
P7-SYNTH-218,P7-SYNTH-218-S01,GROUP_D,COMPLETED,Glass,371.9,0.2039,17.3,19.7,4.53,39.6,461.67,24.55,1.412,0.64381,XRD;UV_VIS;ELECTRICAL
P7-SYNTH-219,P7-SYNTH-219-S01,GROUP_D,COMPLETED,FTO Glass,366.6,0.2279,15.22,20.3,6.61,14.3,295.23,24.49,1.443,0.93312,XRD;UV_VIS;ELECTRICAL
P7-SYNTH-220,P7-SYNTH-220-S01,GROUP_D,COMPLETED,Silicon,367.2,0.2349,15.81,21.5,4.66,16.6,243.54,25.0,1.418,0.65421,XRD;UV_VIS;FTIR;ELECTRICAL
P7-SYNTH-221,P7-SYNTH-221-S01,GROUP_D,COMPLETED,Glass,375.9,0.2161,15.63,22.1,6.48,54.3,950.0,24.28,1.46,0.6359,XRD;UV_VIS;FTIR;ELECTRICAL
P7-SYNTH-222,P7-SYNTH-222-S01,GROUP_D,COMPLETED,Glass,366.4,0.2063,14.52,22.7,3.38,51.3,475.88,23.91,1.413,0.62171,XRD;UV_VIS;FTIR;ELECTRICAL
P7-SYNTH-223,P7-SYNTH-223-S01,GROUP_D,COMPLETED,Glass,371.1,0.2354,15.63,22.2,1.28,15.9,70.0,24.9,1.461,0.08169,XRD;UV_VIS;FTIR;ELECTRICAL
P7-SYNTH-224,P7-SYNTH-224-S01,GROUP_D,COMPLETED,Quartz,372.7,0.2318,16.98,23.9,5.83,8.9,148.46,23.49,1.468,0.3356,XRD;UV_VIS;FTIR;ELECTRICAL
P7-SYNTH-225,P7-SYNTH-225-S01,GROUP_D,COMPLETED,FTO Glass,372.2,0.2216,16.54,21.8,8.64,12.9,319.25,24.1,1.421,0.84513,XRD;UV_VIS;FTIR;ELECTRICAL
P7-SYNTH-226,P7-SYNTH-226-S01,GROUP_D,COMPLETED,Glass,367.5,0.2224,16.44,21.1,5.04,20.6,268.85,23.55,1.45,0.62723,XRD;UV_VIS;ELECTRICAL
P7-SYNTH-227,P7-SYNTH-227-S01,GROUP_D,COMPLETED,Glass,375.1,0.2344,15.74,22.4,6.47,11.4,226.83,25.12,1.426,0.60091,XRD;UV_VIS;FTIR;ELECTRICAL
P7-SYNTH-228,P7-SYNTH-228-S01,GROUP_D,COMPLETED,Glass,369.4,0.218,15.92,22.6,7.24,14.1,272.49,24.31,1.434,0.52392,XRD;UV_VIS;FTIR;ELECTRICAL
P7-SYNTH-229,P7-SYNTH-229-S01,GROUP_D,COMPLETED,ITO Glass,369.8,0.2219,15.41,21.7,5.02,26.8,376.04,24.46,1.433,0.95256,XRD;UV_VIS;FTIR;ELECTRICAL
P7-SYNTH-230,P7-SYNTH-230-S01,GROUP_D,FAILED,Glass,364.9,0.2153,17.76,22.0,5.85,22.6,364.13,23.63,1.435,0.61959,XRD
P7-SYNTH-231,P7-SYNTH-231-S01,GROUP_D,COMPLETED,Glass,363.3,0.2234,16.45,23.5,7.29,40.6,950.0,23.32,1.439,0.57576,XRD;FTIR;ELECTRICAL
P7-SYNTH-232,P7-SYNTH-232-S01,GROUP_D,COMPLETED,Glass,377.4,0.1976,17.16,22.5,2.21,43.6,224.35,24.14,1.441,0.5653,XRD;UV_VIS;FTIR;ELECTRICAL
P7-SYNTH-233,P7-SYNTH-233-S01,GROUP_D,COMPLETED,Glass,369.4,0.2109,16.93,21.9,8.34,41.6,948.44,23.42,1.44,0.60855,XRD;UV_VIS;ELECTRICAL
P7-SYNTH-234,P7-SYNTH-234-S01,GROUP_D,COMPLETED,FTO Glass,385.2,0.2275,17.0,22.2,1.74,21.6,101.8,25.49,1.424,0.23631,XRD;UV_VIS;FTIR;ELECTRICAL
P7-SYNTH-235,P7-SYNTH-235-S01,GROUP_D,COMPLETED,ITO Glass,372.8,0.2273,16.4,23.7,5.36,45.5,652.79,25.17,1.468,0.94863,XRD;UV_VIS;FTIR;ELECTRICAL
P7-SYNTH-236,P7-SYNTH-236-S01,GROUP_D,COMPLETED,Glass,375.3,0.2266,14.38,21.5,2.77,19.5,174.9,24.66,1.448,0.4871,XRD;UV_VIS;FTIR;ELECTRICAL
P7-SYNTH-237,P7-SYNTH-237-S01,GROUP_D,COMPLETED,FTO Glass,367.0,0.213,15.87,22.6,6.58,34.6,669.16,24.73,1.437,0.83604,XRD;ELECTRICAL
P7-SYNTH-238,P7-SYNTH-238-S01,GROUP_D,COMPLETED,Glass,358.8,0.2244,15.62,21.6,3.39,31.1,316.79,22.46,1.44,0.69064,XRD;UV_VIS;FTIR;ELECTRICAL
P7-SYNTH-239,P7-SYNTH-239-S01,GROUP_D,COMPLETED,Glass,367.0,0.2338,15.57,23.8,3.81,23.9,267.98,23.02,1.401,0.57825,XRD;UV_VIS;FTIR;ELECTRICAL
P7-SYNTH-240,P7-SYNTH-240-S01,GROUP_D,COMPLETED,Glass,366.1,0.2531,15.58,22.1,3.41,27.5,264.25,24.15,1.45,0.58885,XRD;UV_VIS;ELECTRICAL
P7-SYNTH-241,P7-SYNTH-241-S01,GROUP_D,COMPLETED,Glass,374.4,0.2194,15.01,23.2,4.88,6.8,95.61,25.36,1.426,0.13556,XRD;UV_VIS;FTIR;ELECTRICAL
P7-SYNTH-242,P7-SYNTH-242-S01,GROUP_D,COMPLETED,Glass,363.5,0.2173,16.78,21.6,4.25,41.7,527.5,23.36,1.456,0.68922,ELECTRICAL
P7-SYNTH-243,P7-SYNTH-243-S01,GROUP_D,COMPLETED,ITO Glass,378.3,0.2321,14.83,23.7,6.85,36.5,672.95,25.3,1.448,0.93548,XRD;UV_VIS;FTIR;ELECTRICAL
P7-SYNTH-244,P7-SYNTH-244-S01,GROUP_D,COMPLETED,Silicon,364.2,0.2269,16.26,20.8,1.73,12.3,70.0,23.57,1.439,0.09681,XRD;UV_VIS;FTIR;ELECTRICAL
P7-SYNTH-245,P7-SYNTH-245-S01,GROUP_D,COMPLETED,FTO Glass,376.5,0.2275,14.93,20.6,3.55,39.9,383.18,25.21,1.438,0.90241,XRD;UV_VIS;ELECTRICAL
P7-SYNTH-246,P7-SYNTH-246-S01,GROUP_D,COMPLETED,Glass,371.0,0.2038,17.17,22.2,5.27,32.4,441.38,23.3,1.441,0.60547,XRD;FTIR;ELECTRICAL
P7-SYNTH-247,P7-SYNTH-247-S01,GROUP_D,COMPLETED,FTO Glass,364.9,0.2217,14.91,19.9,3.47,48.1,424.65,24.45,1.428,0.88937,XRD;UV_VIS;FTIR;ELECTRICAL
P7-SYNTH-248,P7-SYNTH-248-S01,GROUP_D,COMPLETED,Glass,362.3,0.2232,15.44,23.8,7.97,39.2,950.0,23.01,1.433,0.5562,XRD;UV_VIS;FTIR;ELECTRICAL
P7-SYNTH-249,P7-SYNTH-249-S01,GROUP_D,COMPLETED,Glass,365.2,0.2041,15.81,21.5,2.07,46.5,235.3,23.55,1.422,0.61678,XRD;UV_VIS;FTIR;ELECTRICAL
P7-SYNTH-250,P7-SYNTH-250-S01,GROUP_D,COMPLETED,Glass,380.1,0.2266,15.32,22.8,1.85,40.6,236.82,25.31,1.445,0.6642,XRD;UV_VIS;FTIR;ELECTRICAL
P7-SYNTH-251,P7-SYNTH-251-S01,GROUP_E,COMPLETED,FTO Glass,374.0,0.207,14.9,19.3,2.67,25.6,592.62,25.0,1.448,0.89338,XRD;UV_VIS;ELECTRICAL
P7-SYNTH-252,P7-SYNTH-252-S01,GROUP_E,COMPLETED,Glass,361.9,0.2012,14.48,20.3,5.27,23.4,777.78,23.08,1.456,0.60369,XRD;ELECTRICAL
P7-SYNTH-253,P7-SYNTH-253-S01,GROUP_E,COMPLETED,FTO Glass,361.3,0.1983,17.31,21.2,2.54,25.0,406.66,23.57,1.418,0.9687,XRD;UV_VIS;FTIR;ELECTRICAL
P7-SYNTH-254,P7-SYNTH-254-S01,GROUP_E,COMPLETED,Glass,366.0,0.189,14.99,20.8,3.59,24.0,467.91,23.52,1.452,0.58322,XRD;UV_VIS;FTIR;ELECTRICAL
P7-SYNTH-255,P7-SYNTH-255-S01,GROUP_E,COMPLETED,FTO Glass,365.6,0.1883,15.16,20.6,3.32,25.4,403.55,23.61,1.425,0.9454,XRD;FTIR;ELECTRICAL
P7-SYNTH-256,P7-SYNTH-256-S01,GROUP_E,COMPLETED,Glass,361.3,0.2051,15.49,20.1,5.7,23.3,706.98,23.48,1.461,0.57003,XRD;UV_VIS;FTIR;ELECTRICAL
P7-SYNTH-257,P7-SYNTH-257-S01,GROUP_E,COMPLETED,FTO Glass,359.9,0.1954,15.01,20.5,2.95,25.8,340.11,22.5,1.496,0.98983,XRD;UV_VIS;ELECTRICAL
P7-SYNTH-258,P7-SYNTH-258-S01,GROUP_E,COMPLETED,Glass,366.3,0.1988,15.68,20.1,4.18,25.5,445.98,23.48,1.416,0.63976,XRD;UV_VIS;FTIR;ELECTRICAL
P7-SYNTH-259,P7-SYNTH-259-S01,GROUP_E,COMPLETED,FTO Glass,371.3,0.2034,16.82,20.1,5.66,24.8,563.8,24.34,1.43,0.95459,XRD;ELECTRICAL
P7-SYNTH-260,P7-SYNTH-260-S01,GROUP_E,COMPLETED,Glass,357.9,0.189,14.53,18.5,2.76,25.8,269.89,22.29,1.461,0.71617,XRD;UV_VIS;FTIR;ELECTRICAL
P7-SYNTH-261,P7-SYNTH-261-S01,GROUP_E,COMPLETED,FTO Glass,359.9,0.1915,13.42,19.6,5.03,26.4,409.64,23.69,1.455,0.8025,XRD;UV_VIS;FTIR;ELECTRICAL
P7-SYNTH-262,P7-SYNTH-262-S01,GROUP_E,COMPLETED,Glass,368.1,0.2125,17.51,20.7,5.91,25.7,550.91,23.03,1.442,0.66297,XRD;UV_VIS;FTIR;ELECTRICAL
P7-SYNTH-263,P7-SYNTH-263-S01,GROUP_E,COMPLETED,FTO Glass,377.5,0.1859,15.28,19.2,2.63,24.8,188.47,24.64,1.425,0.82341,XRD;UV_VIS;FTIR;ELECTRICAL
P7-SYNTH-264,P7-SYNTH-264-S01,GROUP_E,COMPLETED,Glass,376.4,0.1936,15.28,21.5,4.98,25.5,365.41,24.69,1.414,0.59286,XRD;UV_VIS;ELECTRICAL
P7-SYNTH-265,P7-SYNTH-265-S01,GROUP_E,COMPLETED,FTO Glass,364.5,0.2069,13.65,20.4,4.18,26.4,301.6,23.57,1.451,0.86173,XRD;FTIR;ELECTRICAL
P7-SYNTH-266,P7-SYNTH-266-S01,GROUP_E,COMPLETED,Glass,360.3,0.1962,15.45,19.3,5.7,25.9,361.0,23.06,1.425,0.61439,XRD;UV_VIS;FTIR;ELECTRICAL
P7-SYNTH-267,P7-SYNTH-267-S01,GROUP_E,COMPLETED,FTO Glass,367.9,0.2099,14.34,18.2,5.85,25.6,421.7,24.43,1.459,1.03921,XRD;UV_VIS;FTIR;ELECTRICAL
P7-SYNTH-268,P7-SYNTH-268-S01,GROUP_E,COMPLETED,Glass,372.1,0.1978,15.71,20.2,5.71,25.4,326.39,23.68,1.438,0.62433,XRD;UV_VIS;FTIR;ELECTRICAL
P7-SYNTH-269,P7-SYNTH-269-S01,GROUP_E,COMPLETED,FTO Glass,360.2,0.2079,14.82,20.8,4.57,26.2,309.02,22.58,1.443,0.89773,XRD;UV_VIS;FTIR;ELECTRICAL
P7-SYNTH-270,P7-SYNTH-270-S01,GROUP_E,COMPLETED,Glass,363.2,0.1934,15.43,18.9,4.32,25.6,233.44,23.62,1.417,0.56845,XRD;ELECTRICAL
P7-SYNTH-271,P7-SYNTH-271-S01,GROUP_E,COMPLETED,FTO Glass,361.4,0.1997,13.94,20.1,4.01,24.7,198.63,22.94,1.424,0.74959,XRD;ELECTRICAL
P7-SYNTH-272,P7-SYNTH-272-S01,GROUP_E,COMPLETED,Glass,362.8,0.1992,16.0,19.4,5.76,24.2,258.1,23.17,1.442,0.68089,XRD;UV_VIS;FTIR;ELECTRICAL
P7-SYNTH-273,P7-SYNTH-273-S01,GROUP_E,COMPLETED,FTO Glass,364.5,0.1932,16.0,19.6,5.6,25.2,259.44,23.26,1.428,0.86165,XRD;UV_VIS;FTIR;ELECTRICAL
P7-SYNTH-274,P7-SYNTH-274-S01,GROUP_E,COMPLETED,Glass,366.7,0.2108,16.97,19.7,4.97,25.5,230.61,24.68,1.448,0.6923,XRD;UV_VIS;ELECTRICAL
P7-SYNTH-275,P7-SYNTH-275-S01,GROUP_E,COMPLETED,FTO Glass,367.1,0.1867,15.8,21.5,3.59,25.8,158.94,23.47,1.45,0.61857,XRD;UV_VIS;FTIR;ELECTRICAL
P7-SYNTH-276,P7-SYNTH-276-S01,GROUP_E,COMPLETED,Glass,367.7,0.1873,14.63,19.4,4.85,25.0,181.89,23.42,1.431,0.50617,XRD;UV_VIS;FTIR;ELECTRICAL
P7-SYNTH-277,P7-SYNTH-277-S01,GROUP_E,COMPLETED,FTO Glass,367.2,0.2094,14.56,20.5,5.48,27.1,259.88,23.75,1.438,1.01869,XRD;UV_VIS;FTIR;ELECTRICAL
P7-SYNTH-278,P7-SYNTH-278-S01,GROUP_E,COMPLETED,Glass,362.9,0.2197,15.61,18.7,5.16,26.5,228.28,22.92,1.447,0.61078,XRD;UV_VIS;FTIR;ELECTRICAL
P7-SYNTH-279,P7-SYNTH-279-S01,GROUP_E,COMPLETED,FTO Glass,360.5,0.2352,14.63,21.0,3.32,26.3,147.94,23.83,1.426,0.64595,XRD;UV_VIS;FTIR;ELECTRICAL
P7-SYNTH-280,P7-SYNTH-280-S01,GROUP_E,COMPLETED,Glass,361.9,0.2035,16.13,21.7,4.12,24.3,153.99,22.95,1.43,0.36953,XRD;ELECTRICAL
P7-SYNTH-281,P7-SYNTH-281-S01,GROUP_E,FAILED,FTO Glass,352.7,0.1859,15.28,19.9,5.79,25.0,190.75,22.28,1.451,0.65819,
P7-SYNTH-282,P7-SYNTH-282-S01,GROUP_E,COMPLETED,Glass,360.8,0.1922,14.91,20.6,4.2,27.1,153.6,23.29,1.448,0.36074,XRD;UV_VIS;FTIR;ELECTRICAL
P7-SYNTH-283,P7-SYNTH-283-S01,GROUP_E,COMPLETED,FTO Glass,361.7,0.1965,13.87,19.5,5.35,24.9,166.17,23.11,1.408,0.5904,XRD;UV_VIS;FTIR;ELECTRICAL
P7-SYNTH-284,P7-SYNTH-284-S01,GROUP_E,COMPLETED,Glass,372.1,0.1873,15.49,20.2,2.89,24.2,88.99,23.89,1.457,0.11376,XRD;UV_VIS;ELECTRICAL
P7-SYNTH-285,P7-SYNTH-285-S01,GROUP_E,COMPLETED,FTO Glass,368.3,0.2119,15.52,19.5,5.98,25.0,202.19,23.68,1.437,0.72915,XRD;UV_VIS;ELECTRICAL
P7-SYNTH-286,P7-SYNTH-286-S01,GROUP_E,COMPLETED,Glass,367.6,0.1875,16.22,19.3,3.68,24.4,99.14,23.9,1.447,0.14458,XRD;UV_VIS;FTIR;ELECTRICAL
P7-SYNTH-287,P7-SYNTH-287-S01,GROUP_E,COMPLETED,FTO Glass,358.0,0.1873,14.27,18.8,3.87,26.2,107.78,22.93,1.462,0.24062,XRD;ELECTRICAL
P7-SYNTH-288,P7-SYNTH-288-S01,GROUP_E,COMPLETED,Glass,370.3,0.1838,14.91,20.0,2.96,23.0,72.92,24.14,1.459,0.08814,XRD;UV_VIS;FTIR;ELECTRICAL
P7-SYNTH-289,P7-SYNTH-289-S01,GROUP_E,COMPLETED,FTO Glass,354.9,0.1943,14.36,20.7,3.55,24.0,85.72,22.23,1.431,0.18552,XRD;ELECTRICAL
P7-SYNTH-290,P7-SYNTH-290-S01,GROUP_E,COMPLETED,Glass,368.9,0.1882,15.29,22.3,4.93,25.3,118.66,23.94,1.428,0.19717,XRD;UV_VIS;FTIR;ELECTRICAL
P7-SYNTH-291,P7-SYNTH-291-S01,GROUP_F,COMPLETED,Glass,386.0,0.2506,16.31,18.9,3.91,22.9,262.42,26.59,1.432,0.64151,ELECTRICAL
P7-SYNTH-292,P7-SYNTH-292-S01,GROUP_F,COMPLETED,FTO Glass,336.1,0.2377,18.32,18.8,4.05,27.5,330.13,20.24,1.498,0.80139,XRD;UV_VIS;ELECTRICAL
P7-SYNTH-293,P7-SYNTH-293-S01,GROUP_F,COMPLETED,ITO Glass,325.2,0.1824,15.53,19.4,4.17,24.3,220.75,19.32,1.494,0.69236,XRD;UV_VIS;FTIR;ELECTRICAL
P7-SYNTH-294,P7-SYNTH-294-S01,GROUP_F,COMPLETED,Quartz,392.1,0.2487,16.12,18.3,4.24,25.1,333.42,25.63,1.429,0.57055,XRD;ELECTRICAL
P7-SYNTH-295,P7-SYNTH-295-S01,GROUP_F,COMPLETED,Silicon,399.1,0.266,14.62,22.6,3.38,24.8,275.78,27.16,1.407,0.70208,XRD;UV_VIS;FTIR;ELECTRICAL
P7-SYNTH-296,P7-SYNTH-296-S01,GROUP_F,COMPLETED,Glass,352.0,0.1542,17.59,22.9,3.73,25.4,178.6,21.13,1.466,0.44526,XRD;ELECTRICAL
P7-SYNTH-297,P7-SYNTH-297-S01,GROUP_F,COMPLETED,FTO Glass,334.4,0.2488,15.02,19.5,3.98,24.5,259.53,21.16,1.461,0.85669,XRD;UV_VIS;FTIR;ELECTRICAL
P7-SYNTH-298,P7-SYNTH-298-S01,GROUP_F,COMPLETED,ITO Glass,394.8,0.1729,17.83,20.5,3.84,23.2,187.74,25.42,1.408,0.68989,ELECTRICAL
P7-SYNTH-299,P7-SYNTH-299-S01,GROUP_F,COMPLETED,Quartz,354.4,0.1551,11.76,20.2,4.01,25.3,182.84,22.77,1.468,0.39053,XRD;UV_VIS;FTIR;ELECTRICAL
P7-SYNTH-300,P7-SYNTH-300-S01,GROUP_F,COMPLETED,Silicon,323.5,0.1964,15.47,21.4,4.12,25.9,275.17,19.48,1.486,0.53635,XRD;UV_VIS;ELECTRICAL
P7-SYNTH-301,P7-SYNTH-301-S01,GROUP_F,COMPLETED,Glass,347.5,0.1742,15.52,17.8,3.81,24.5,204.87,21.42,1.456,0.5339,XRD;UV_VIS;FTIR;ELECTRICAL
P7-SYNTH-302,P7-SYNTH-302-S01,GROUP_F,COMPLETED,FTO Glass,363.8,0.2803,13.4,18.0,3.83,23.5,351.31,25.42,1.421,1.07309,XRD;UV_VIS;FTIR;ELECTRICAL
P7-SYNTH-303,P7-SYNTH-303-S01,GROUP_F,COMPLETED,ITO Glass,335.9,0.2861,15.74,21.1,3.85,26.3,349.13,22.54,1.44,0.97901,XRD;UV_VIS;FTIR;ELECTRICAL
P7-SYNTH-304,P7-SYNTH-304-S01,GROUP_F,COMPLETED,Quartz,387.8,0.2227,17.95,16.8,3.92,24.7,271.22,26.24,1.424,0.60755,XRD;UV_VIS;FTIR;ELECTRICAL
P7-SYNTH-305,P7-SYNTH-305-S01,GROUP_F,COMPLETED,Silicon,392.2,0.1798,18.47,19.5,4.14,24.9,230.72,24.75,1.428,0.63584,XRD;UV_VIS;FTIR;ELECTRICAL
P7-SYNTH-306,P7-SYNTH-306-S01,GROUP_F,COMPLETED,Glass,323.6,0.1926,17.6,18.0,4.06,25.2,250.67,19.08,1.492,0.51765,XRD;UV_VIS;FTIR;ELECTRICAL
P7-SYNTH-307,P7-SYNTH-307-S01,GROUP_F,COMPLETED,FTO Glass,323.8,0.2192,18.01,20.2,3.87,25.0,274.3,19.71,1.506,0.67055,XRD;FTIR;ELECTRICAL
P7-SYNTH-308,P7-SYNTH-308-S01,GROUP_F,COMPLETED,ITO Glass,370.2,0.1899,16.57,20.0,4.41,24.5,261.85,23.25,1.442,0.87934,XRD;UV_VIS;FTIR;ELECTRICAL
P7-SYNTH-309,P7-SYNTH-309-S01,GROUP_F,COMPLETED,Quartz,365.0,0.2634,18.34,20.1,3.6,26.1,301.11,23.72,1.438,0.61947,XRD;UV_VIS;FTIR;ELECTRICAL
P7-SYNTH-310,P7-SYNTH-310-S01,GROUP_F,COMPLETED,Silicon,340.1,0.2049,17.9,17.9,4.14,24.8,248.22,21.27,1.471,0.57677,XRD;UV_VIS;ELECTRICAL
P7-SYNTH-311,P7-SYNTH-311-S01,GROUP_F,COMPLETED,Glass,373.8,0.2969,15.95,20.8,3.95,25.9,364.35,25.91,1.449,0.69528,XRD;UV_VIS;FTIR;ELECTRICAL
P7-SYNTH-312,P7-SYNTH-312-S01,GROUP_F,FAILED,FTO Glass,359.0,0.2404,13.53,20.0,3.79,23.2,269.24,24.08,1.412,0.92589,XRD
P7-SYNTH-313,P7-SYNTH-313-S01,GROUP_F,COMPLETED,ITO Glass,397.0,0.2138,13.25,20.7,3.85,24.2,259.29,27.18,1.39,0.9447,XRD;FTIR;ELECTRICAL
P7-SYNTH-314,P7-SYNTH-314-S01,GROUP_F,COMPLETED,Quartz,385.2,0.2896,14.01,20.8,3.94,23.3,340.8,27.05,1.416,0.60049,XRD;UV_VIS;FTIR;ELECTRICAL
P7-SYNTH-315,P7-SYNTH-315-S01,GROUP_F,COMPLETED,Silicon,358.1,0.2255,15.67,20.2,3.78,24.9,246.44,22.97,1.452,0.62623,XRD;UV_VIS;FTIR;ELECTRICAL
P7-SYNTH-316,P7-SYNTH-316-S01,GROUP_F,COMPLETED,Glass,339.0,0.2814,17.72,20.7,3.64,25.2,319.25,21.72,1.441,0.60559,XRD;UV_VIS;FTIR;ELECTRICAL
P7-SYNTH-317,P7-SYNTH-317-S01,GROUP_F,COMPLETED,FTO Glass,391.7,0.1608,15.43,23.6,4.23,23.9,235.63,24.69,1.419,0.71613,XRD;UV_VIS;FTIR;ELECTRICAL
P7-SYNTH-318,P7-SYNTH-318-S01,GROUP_F,COMPLETED,ITO Glass,339.1,0.2054,14.96,20.4,3.45,25.6,220.67,21.38,1.466,0.85239,XRD;UV_VIS;ELECTRICAL
P7-SYNTH-319,P7-SYNTH-319-S01,GROUP_F,COMPLETED,Quartz,334.3,0.203,15.95,19.3,3.84,26.1,229.59,19.62,1.488,0.47603,XRD;UV_VIS;ELECTRICAL
P7-SYNTH-320,P7-SYNTH-320-S01,GROUP_F,COMPLETED,Silicon,350.2,0.1526,16.4,17.7,4.15,24.4,186.67,21.76,1.426,0.47917,XRD;UV_VIS;FTIR;ELECTRICAL
P7-SYNTH-321,P7-SYNTH-321-S01,GROUP_F,COMPLETED,Glass,378.0,0.2958,16.63,19.8,3.84,24.2,337.22,25.43,1.438,0.63054,XRD;ELECTRICAL
P7-SYNTH-322,P7-SYNTH-322-S01,GROUP_F,COMPLETED,FTO Glass,343.6,0.2128,17.46,19.8,3.83,24.1,244.32,21.49,1.449,0.76985,XRD;ELECTRICAL
P7-SYNTH-323,P7-SYNTH-323-S01,GROUP_F,COMPLETED,ITO Glass,353.7,0.2662,16.45,18.8,3.77,24.7,323.32,23.88,1.443,0.94004,XRD;UV_VIS;FTIR;ELECTRICAL
P7-SYNTH-324,P7-SYNTH-324-S01,GROUP_F,COMPLETED,Quartz,379.5,0.2997,17.64,17.4,3.73,25.0,316.02,26.65,1.402,0.70435,XRD;UV_VIS;FTIR;ELECTRICAL
P7-SYNTH-325,P7-SYNTH-325-S01,GROUP_F,COMPLETED,Silicon,395.3,0.2551,16.61,20.2,4.41,25.0,340.64,27.53,1.404,0.64996,XRD;UV_VIS;FTIR;ELECTRICAL
P7-SYNTH-326,P7-SYNTH-326-S01,GROUP_F,COMPLETED,Glass,337.1,0.1658,14.13,18.8,3.83,23.1,177.13,20.52,1.468,0.44912,XRD;UV_VIS;FTIR;ELECTRICAL
P7-SYNTH-327,P7-SYNTH-327-S01,GROUP_F,COMPLETED,FTO Glass,329.4,0.1617,13.8,21.8,4.03,25.1,183.01,20.12,1.489,0.54224,XRD;FTIR;ELECTRICAL
P7-SYNTH-328,P7-SYNTH-328-S01,GROUP_F,COMPLETED,ITO Glass,389.6,0.1952,14.42,19.7,3.92,24.8,231.46,26.11,1.42,0.85019,XRD;UV_VIS;FTIR;ELECTRICAL
P7-SYNTH-329,P7-SYNTH-329-S01,GROUP_F,COMPLETED,Quartz,323.9,0.1512,14.31,20.2,3.96,23.1,170.54,19.3,1.494,0.31624,XRD;ELECTRICAL
P7-SYNTH-330,P7-SYNTH-330-S01,GROUP_F,COMPLETED,Silicon,375.3,0.2642,13.87,22.1,3.53,22.5,262.74,25.65,1.424,0.68124,XRD;UV_VIS;ELECTRICAL
P7-SYNTH-331,P7-SYNTH-331-S01,GROUP_F,COMPLETED,Glass,371.9,0.1589,13.93,16.3,4.21,24.9,208.44,24.14,1.457,0.53239,XRD;UV_VIS;FTIR;ELECTRICAL
P7-SYNTH-332,P7-SYNTH-332-S01,GROUP_F,COMPLETED,FTO Glass,355.0,0.1635,12.79,20.1,3.96,26.5,238.02,22.25,1.459,0.83831,XRD;UV_VIS;FTIR;ELECTRICAL
P7-SYNTH-333,P7-SYNTH-333-S01,GROUP_F,COMPLETED,ITO Glass,341.4,0.2606,17.59,19.2,3.89,24.2,293.63,21.65,1.479,0.97736,XRD;UV_VIS;FTIR;ELECTRICAL
P7-SYNTH-334,P7-SYNTH-334-S01,GROUP_F,COMPLETED,Quartz,394.7,0.2496,17.52,21.8,3.96,25.7,340.95,25.49,1.439,0.5692,XRD;FTIR;ELECTRICAL
P7-SYNTH-335,P7-SYNTH-335-S01,GROUP_F,FAILED,Silicon,323.5,0.15,16.64,21.5,3.89,24.5,152.97,18.95,1.488,0.30613,
P7-SYNTH-336,P7-SYNTH-336-S01,GROUP_F,COMPLETED,Glass,387.4,0.2919,15.79,20.0,4.35,23.6,373.8,25.96,1.425,0.63308,XRD;UV_VIS;FTIR;ELECTRICAL
P7-SYNTH-337,P7-SYNTH-337-S01,GROUP_F,COMPLETED,FTO Glass,325.5,0.1794,17.81,22.3,3.68,25.7,208.52,18.65,1.507,0.66929,XRD;UV_VIS;FTIR;ELECTRICAL
P7-SYNTH-338,P7-SYNTH-338-S01,GROUP_F,COMPLETED,ITO Glass,360.7,0.2475,13.32,21.4,3.81,24.9,331.46,23.88,1.436,1.06027,XRD;UV_VIS;FTIR;ELECTRICAL
P7-SYNTH-339,P7-SYNTH-339-S01,GROUP_F,COMPLETED,Quartz,370.2,0.197,15.48,21.4,4.09,23.1,250.13,24.46,1.451,0.60689,XRD;UV_VIS;FTIR;ELECTRICAL
P7-SYNTH-340,P7-SYNTH-340-S01,GROUP_F,COMPLETED,Silicon,356.0,0.2997,13.32,20.0,3.68,24.4,326.37,25.26,1.441,0.75908,XRD;UV_VIS;FTIR;ELECTRICAL
P7-SYNTH-341,P7-SYNTH-341-S01,GROUP_G,COMPLETED,FTO Glass,300.1,0.0929,4.93,8.3,4.06,27.4,118.93,18.71,1.509,0.14033,XRD;UV_VIS;FTIR;ELECTRICAL
P7-SYNTH-342,P7-SYNTH-342-S01,GROUP_G,COMPLETED,Glass,341.4,0.1003,5.15,7.3,4.42,29.5,154.78,21.52,1.472,0.22196,XRD;ELECTRICAL
P7-SYNTH-343,P7-SYNTH-343-S01,GROUP_G,COMPLETED,Glass,372.6,0.1587,4.78,8.0,4.17,26.2,212.39,26.56,1.41,0.38864,XRD;UV_VIS;FTIR;ELECTRICAL
P7-SYNTH-344,P7-SYNTH-344-S01,GROUP_G,COMPLETED,FTO Glass,407.6,0.1572,5.48,8.7,4.01,26.4,213.61,29.9,1.396,0.54487,XRD;ELECTRICAL
P7-SYNTH-345,P7-SYNTH-345-S01,GROUP_G,COMPLETED,Glass,450.1,0.2217,9.71,8.0,4.11,28.5,358.73,31.56,1.374,0.34723,XRD;UV_VIS;FTIR;ELECTRICAL
P7-SYNTH-346,P7-SYNTH-346-S01,GROUP_G,COMPLETED,Glass,298.9,0.2204,10.14,15.2,4.57,28.2,324.03,18.72,1.51,0.3309,XRD;UV_VIS;FTIR;ELECTRICAL
P7-SYNTH-347,P7-SYNTH-347-S01,GROUP_G,COMPLETED,FTO Glass,339.5,0.296,9.62,14.3,4.0,28.4,437.83,23.92,1.453,0.89372,XRD;UV_VIS;FTIR;ELECTRICAL
P7-SYNTH-348,P7-SYNTH-348-S01,GROUP_G,COMPLETED,Glass,377.1,0.3122,10.37,15.0,4.34,29.1,504.8,28.33,1.423,0.59562,XRD;UV_VIS;FTIR;ELECTRICAL
P7-SYNTH-349,P7-SYNTH-349-S01,GROUP_G,COMPLETED,Glass,411.1,0.3909,16.56,15.1,4.39,28.2,604.93,28.48,1.404,0.57659,XRD;UV_VIS;FTIR;ELECTRICAL
P7-SYNTH-350,P7-SYNTH-350-S01,GROUP_G,COMPLETED,FTO Glass,448.1,0.3749,15.88,15.2,4.31,28.1,605.44,31.57,1.395,0.5504,XRD;UV_VIS;FTIR;ELECTRICAL
P7-SYNTH-351,P7-SYNTH-351-S01,GROUP_G,COMPLETED,Glass,298.7,0.1022,16.53,22.2,4.07,28.2,130.72,15.66,1.528,0.13829,XRD;UV_VIS;FTIR;ELECTRICAL
P7-SYNTH-352,P7-SYNTH-352-S01,GROUP_G,COMPLETED,Glass,340.8,0.0956,15.88,22.5,4.28,26.7,146.09,19.2,1.477,0.28349,XRD;FTIR;ELECTRICAL
P7-SYNTH-353,P7-SYNTH-353-S01,GROUP_G,COMPLETED,FTO Glass,375.7,0.1481,24.08,21.9,3.91,28.4,227.36,21.56,1.434,0.86205,XRD;UV_VIS;ELECTRICAL
P7-SYNTH-354,P7-SYNTH-354-S01,GROUP_G,COMPLETED,Glass,411.9,0.1481,23.55,22.8,4.01,27.4,219.44,24.22,1.42,0.44104,XRD;UV_VIS;FTIR;ELECTRICAL
P7-SYNTH-355,P7-SYNTH-355-S01,GROUP_G,COMPLETED,Glass,450.3,0.223,23.28,22.0,4.19,25.5,303.45,27.8,1.407,0.29827,XRD;UV_VIS;FTIR;ELECTRICAL
P7-SYNTH-356,P7-SYNTH-356-S01,GROUP_G,COMPLETED,FTO Glass,300.6,0.2093,23.85,31.5,4.25,28.2,281.52,15.45,1.55,0.45029,XRD;ELECTRICAL
P7-SYNTH-357,P7-SYNTH-357-S01,GROUP_G,COMPLETED,Glass,338.8,0.3014,32.02,31.3,4.35,27.6,479.52,18.83,1.495,0.46114,ELECTRICAL
P7-SYNTH-358,P7-SYNTH-358-S01,GROUP_G,COMPLETED,Glass,375.2,0.2948,31.59,32.4,4.13,27.2,440.65,21.84,1.483,0.50956,XRD;UV_VIS;FTIR;ELECTRICAL
P7-SYNTH-359,P7-SYNTH-359-S01,GROUP_G,COMPLETED,FTO Glass,411.3,0.3818,32.6,31.4,4.13,29.6,585.56,24.35,1.453,0.6923,XRD;UV_VIS;FTIR;ELECTRICAL
P7-SYNTH-360,P7-SYNTH-360-S01,GROUP_G,COMPLETED,Glass,450.2,0.3852,31.82,31.9,4.15,29.6,643.7,26.37,1.424,0.26989,XRD;FTIR;ELECTRICAL
P7-SYNTH-361,P7-SYNTH-361-S01,GROUP_G,COMPLETED,Glass,300.7,0.1036,4.68,42.5,4.37,27.9,139.64,16.9,1.484,0.13887,XRD;UV_VIS;ELECTRICAL
P7-SYNTH-362,P7-SYNTH-362-S01,GROUP_G,FAILED,FTO Glass,340.8,0.1045,5.05,42.6,3.74,26.5,137.5,20.77,1.464,0.28689,XRD
P7-SYNTH-363,P7-SYNTH-363-S01,GROUP_G,COMPLETED,Glass,374.1,0.1529,4.98,40.6,4.69,27.8,247.78,24.02,1.408,0.4922,XRD;UV_VIS;FTIR;ELECTRICAL
P7-SYNTH-364,P7-SYNTH-364-S01,GROUP_G,COMPLETED,Glass,410.4,0.1485,5.21,42.2,4.53,28.4,249.32,27.19,1.374,0.34762,XRD;FTIR;ELECTRICAL
P7-SYNTH-365,P7-SYNTH-365-S01,GROUP_G,COMPLETED,FTO Glass,452.4,0.2141,9.75,42.4,4.24,25.8,320.88,29.71,1.351,0.39001,XRD;UV_VIS;FTIR;ELECTRICAL
P7-SYNTH-366,P7-SYNTH-366-S01,GROUP_G,COMPLETED,Glass,298.0,0.2187,10.21,7.4,4.29,28.4,315.04,18.5,1.505,0.36384,XRD;UV_VIS;FTIR;ELECTRICAL
P7-SYNTH-367,P7-SYNTH-367-S01,GROUP_G,COMPLETED,Glass,339.6,0.3006,9.74,8.3,4.32,27.9,444.96,23.99,1.453,0.55961,XRD;FTIR;ELECTRICAL
P7-SYNTH-368,P7-SYNTH-368-S01,GROUP_G,COMPLETED,FTO Glass,375.5,0.2987,9.79,7.8,4.12,27.9,476.2,28.38,1.384,1.02484,XRD;UV_VIS;FTIR;ELECTRICAL
P7-SYNTH-369,P7-SYNTH-369-S01,GROUP_G,COMPLETED,Glass,409.6,0.3826,16.15,7.2,4.29,29.2,644.87,29.14,1.416,0.45701,XRD;FTIR;ELECTRICAL
P7-SYNTH-370,P7-SYNTH-370-S01,GROUP_G,COMPLETED,Glass,451.4,0.384,15.7,8.3,4.25,28.9,632.48,31.61,1.406,0.33341,XRD;UV_VIS;ELECTRICAL
P7-SYNTH-371,P7-SYNTH-371-S01,GROUP_G,COMPLETED,FTO Glass,300.8,0.1051,16.45,15.4,4.22,28.1,143.78,16.62,1.494,0.26732,XRD;UV_VIS;FTIR;ELECTRICAL
P7-SYNTH-372,P7-SYNTH-372-S01,GROUP_G,COMPLETED,Glass,337.5,0.0984,15.52,14.2,4.45,28.6,150.92,19.14,1.488,0.29157,XRD;UV_VIS;FTIR;ELECTRICAL
P7-SYNTH-373,P7-SYNTH-373-S01,GROUP_G,COMPLETED,Glass,376.0,0.1598,24.64,14.9,4.16,27.4,243.1,22.47,1.463,0.53078,XRD;UV_VIS;FTIR;ELECTRICAL
P7-SYNTH-374,P7-SYNTH-374-S01,GROUP_G,COMPLETED,FTO Glass,408.9,0.1572,24.05,15.2,4.35,27.2,260.13,24.49,1.446,0.65761,XRD;UV_VIS;FTIR;ELECTRICAL
P7-SYNTH-375,P7-SYNTH-375-S01,GROUP_G,COMPLETED,Glass,450.6,0.2211,24.18,15.7,3.91,28.3,309.82,27.92,1.427,0.29869,XRD;UV_VIS;FTIR;ELECTRICAL
P7-SYNTH-376,P7-SYNTH-376-S01,GROUP_G,COMPLETED,Glass,299.0,0.2165,23.65,22.4,4.52,27.7,304.48,16.73,1.502,0.35552,XRD;UV_VIS;FTIR;ELECTRICAL
P7-SYNTH-377,P7-SYNTH-377-S01,GROUP_G,FAILED,FTO Glass,340.2,0.296,32.02,22.3,4.19,27.1,404.15,19.26,1.514,0.83642,
P7-SYNTH-378,P7-SYNTH-378-S01,GROUP_G,COMPLETED,Glass,374.2,0.2971,32.36,22.2,4.04,26.3,372.47,22.89,1.469,0.56226,XRD;UV_VIS;FTIR;ELECTRICAL
P7-SYNTH-379,P7-SYNTH-379-S01,GROUP_G,COMPLETED,Glass,408.9,0.3763,32.09,20.8,4.33,27.9,551.66,25.64,1.441,0.46073,XRD;UV_VIS;FTIR;ELECTRICAL
P7-SYNTH-380,P7-SYNTH-380-S01,GROUP_G,COMPLETED,FTO Glass,450.2,0.3776,32.37,22.0,3.96,27.0,539.61,27.36,1.41,0.35795,XRD;UV_VIS;ELECTRICAL
P7-SYNTH-381,P7-SYNTH-381-S01,GROUP_H,COMPLETED,FTO Glass,365.8,0.196,16.26,19.4,3.85,24.4,232.26,23.01,1.426,0.87701,XRD;UV_VIS;FTIR;ELECTRICAL
P7-SYNTH-381,P7-SYNTH-381-S02,GROUP_H,COMPLETED,FTO Glass,365.8,0.196,16.26,19.4,3.85,24.4,217.06,24.01,1.413,0.86081,XRD;UV_VIS;FTIR;ELECTRICAL
P7-SYNTH-382,P7-SYNTH-382-S01,GROUP_H,COMPLETED,Glass,364.2,0.201,15.75,19.7,4.01,25.9,267.98,23.6,1.448,0.61594,XRD;UV_VIS;FTIR;ELECTRICAL
P7-SYNTH-382,P7-SYNTH-382-S02,GROUP_H,COMPLETED,Glass,364.2,0.201,15.75,19.7,4.01,25.9,265.63,23.67,1.439,0.66924,XRD;FTIR;ELECTRICAL
P7-SYNTH-383,P7-SYNTH-383-S01,GROUP_H,COMPLETED,FTO Glass,364.2,0.1982,16.35,19.8,3.99,24.8,253.18,23.08,1.436,0.86423,XRD;UV_VIS;FTIR;ELECTRICAL
P7-SYNTH-383,P7-SYNTH-383-S02,GROUP_H,COMPLETED,FTO Glass,364.2,0.1982,16.35,19.8,3.99,24.8,243.66,23.59,1.473,0.91974,XRD;UV_VIS;FTIR;ELECTRICAL
P7-SYNTH-384,P7-SYNTH-384-S01,GROUP_H,COMPLETED,Glass,367.8,0.2037,16.03,19.6,3.92,25.4,249.72,23.56,1.424,0.57512,XRD;UV_VIS;FTIR;ELECTRICAL
P7-SYNTH-384,P7-SYNTH-384-S02,GROUP_H,COMPLETED,Glass,367.8,0.2037,16.03,19.6,3.92,25.4,258.14,23.96,1.436,0.58417,XRD;UV_VIS;FTIR;ELECTRICAL
P7-SYNTH-385,P7-SYNTH-385-S01,GROUP_H,COMPLETED,FTO Glass,365.4,0.1974,15.97,20.4,3.96,25.4,236.75,23.46,1.431,0.7798,XRD;UV_VIS;FTIR;ELECTRICAL
P7-SYNTH-385,P7-SYNTH-385-S02,GROUP_H,COMPLETED,FTO Glass,365.4,0.1974,15.97,20.4,3.96,25.4,250.52,23.65,1.449,0.90342,XRD;UV_VIS;FTIR;ELECTRICAL
P7-SYNTH-386,P7-SYNTH-386-S01,GROUP_H,COMPLETED,Glass,364.3,0.1994,15.85,19.7,3.91,25.5,258.09,22.89,1.449,0.64477,XRD;UV_VIS;FTIR;ELECTRICAL
P7-SYNTH-386,P7-SYNTH-386-S02,GROUP_H,COMPLETED,Glass,364.3,0.1994,15.85,19.7,3.91,25.5,225.68,23.21,1.444,0.5213,XRD;UV_VIS;FTIR;ELECTRICAL
P7-SYNTH-387,P7-SYNTH-387-S01,GROUP_H,COMPLETED,FTO Glass,363.8,0.2048,15.96,20.1,4.03,24.4,252.92,23.96,1.447,0.81003,XRD;FTIR;ELECTRICAL
P7-SYNTH-387,P7-SYNTH-387-S02,GROUP_H,COMPLETED,FTO Glass,363.8,0.2048,15.96,20.1,4.03,24.4,252.78,23.94,1.443,1.07345,XRD;UV_VIS;FTIR;ELECTRICAL
P7-SYNTH-388,P7-SYNTH-388-S01,GROUP_H,COMPLETED,Glass,362.3,0.1972,16.21,20.2,4.06,25.0,254.17,22.88,1.451,0.60111,XRD;UV_VIS;FTIR;ELECTRICAL
P7-SYNTH-388,P7-SYNTH-388-S02,GROUP_H,COMPLETED,Glass,362.3,0.1972,16.21,20.2,4.06,25.0,262.63,24.19,1.419,0.6362,XRD;UV_VIS;FTIR;ELECTRICAL
P7-SYNTH-389,P7-SYNTH-389-S01,GROUP_H,COMPLETED,FTO Glass,365.3,0.1995,16.13,19.7,4.03,24.9,265.77,23.57,1.428,0.9359,XRD;UV_VIS;FTIR;ELECTRICAL
P7-SYNTH-389,P7-SYNTH-389-S02,GROUP_H,COMPLETED,FTO Glass,365.3,0.1995,16.13,19.7,4.03,24.9,247.64,24.05,1.444,0.97463,XRD;UV_VIS;FTIR;ELECTRICAL
P7-SYNTH-390,P7-SYNTH-390-S01,GROUP_H,COMPLETED,Glass,364.5,0.2039,16.23,18.9,3.95,24.2,259.91,23.57,1.434,0.56901,XRD;UV_VIS;FTIR;ELECTRICAL
P7-SYNTH-390,P7-SYNTH-390-S02,GROUP_H,COMPLETED,Glass,364.5,0.2039,16.23,18.9,3.95,24.2,241.72,23.15,1.443,0.58636,XRD;UV_VIS;FTIR;ELECTRICAL
P7-SYNTH-391,P7-SYNTH-391-S01,GROUP_H,PLANNED,FTO Glass,365.2,0.1966,16.43,20.4,4.06,25.0,235.26,23.7,1.461,0.81414,
P7-SYNTH-392,P7-SYNTH-392-S01,GROUP_H,PLANNED,Glass,365.0,0.1988,15.9,20.0,4.01,25.6,278.41,23.37,1.454,0.56529,
P7-SYNTH-393,P7-SYNTH-393-S01,GROUP_H,COMPLETED,FTO Glass,364.1,0.2022,15.62,20.1,4.09,24.7,241.24,23.76,1.441,0.93878,XRD;UV_VIS;FTIR;ELECTRICAL
P7-SYNTH-393,P7-SYNTH-393-S02,GROUP_H,COMPLETED,FTO Glass,364.1,0.2022,15.62,20.1,4.09,24.7,243.22,23.99,1.431,0.80602,XRD;UV_VIS;FTIR;ELECTRICAL
P7-SYNTH-394,P7-SYNTH-394-S01,GROUP_H,COMPLETED,Glass,363.9,0.1995,16.56,20.4,3.91,24.5,239.31,23.65,1.455,0.55709,XRD;FTIR;ELECTRICAL
P7-SYNTH-394,P7-SYNTH-394-S02,GROUP_H,COMPLETED,Glass,363.9,0.1995,16.56,20.4,3.91,24.5,235.07,23.06,1.444,0.63392,XRD;ELECTRICAL
P7-SYNTH-395,P7-SYNTH-395-S01,GROUP_H,FAILED,FTO Glass,363.4,0.2016,15.94,20.3,4.0,25.0,268.23,23.53,1.429,0.88149,
P7-SYNTH-396,P7-SYNTH-396-S01,GROUP_H,IN_PROGRESS,Glass,365.6,0.2139,16.29,20.2,4.06,24.9,297.0,24.25,1.436,0.56625,
P7-SYNTH-397,P7-SYNTH-397-S01,GROUP_H,IN_PROGRESS,FTO Glass,365.0,0.1989,15.76,20.1,4.06,24.9,268.38,23.43,1.439,0.95039,
P7-SYNTH-398,P7-SYNTH-398-S01,GROUP_H,FAILED,Glass,364.8,0.2044,15.93,20.5,3.85,24.6,234.32,23.79,1.457,0.54831,XRD
P7-SYNTH-399,P7-SYNTH-399-S01,GROUP_H,IN_PROGRESS,FTO Glass,366.4,0.1984,15.94,20.0,3.7,25.2,216.56,23.61,1.44,0.88366,
P7-SYNTH-400,P7-SYNTH-400-S01,GROUP_H,IN_PROGRESS,Glass,364.3,0.192,16.25,19.3,4.05,24.6,241.47,23.47,1.468,0.60822,
